PPI_id_DLiP,uniprot_id_A,uniprot_id_B,SMILES,AVG_SMILES_AVAILABILITY_AS_DRUG,AVG_iPPI_helpfullness_for_OSK_upregulation,COMBINED_SCORE
D0095I,O95271,O15169,COc1ccc(C2(NC(=O)c3ccc(CN4CCC(N)CC4)cc3)CCC(F)(F)CC2)cc1,0.375,0.76,0.28500000000000003
D001XZ,Q14289,P49023,COc1ccc(CC2(C(=O)N3CC[C@H](Nc4ncnc5ccccc45)C3)CCS(=O)(=O)CC2)cc1,0.475,0.502,0.23845
D0042B,O00463,P19438,CC(C)(C)c1cc2ncc(C(=O)N[C@H]3CCN(Cc4cccc(Br)c4)C3)cn2n1,0.27999999999999997,0.5399999999999999,0.15119999999999997
D0078K,Q14974,P01106,N[C@H]1CC[C@H](NCc2ccc(C(=O)NCC3CCN(C(=O)c4ccccn4)CC3)cc2)CC1,0.3,0.395,0.1185
D0002I,Q8TBZ3,Q15291,CC(C)c1cc2ncc(C(=O)N3CCC(N4Cc5ccccc5NS4(=O)=O)CC3)cn2n1,0.2,0.575,0.11499999999999999
D008KP,O95271,O15169,O=C(c1ccc(OCC2CCOCC2)cc1)N1CCC2(CC1)Cc1cccc(F)c1NC2=O,0.13999999999999999,0.785,0.1099
D000T1,Q14974,P01106,COc1ccc(Cn2nc(C)c(C(=O)N3CCC(CN)(Cc4ccc(OC)cc4)CC3)c2C)cc1,0.13999999999999999,0.755,0.10569999999999999
D001C2,P27694,Q8WXE1,NC1CCN(C(=O)c2cccc(C(=O)N3CCC4(CC3)COc3cccc(Cl)c34)c2)CC1,0.175,0.6000000000000001,0.10500000000000001
D007MY,P62258,P58340,COc1cccc(CC2(C(=O)N[C@H]3CC[C@H](NC(=O)CC(C)(C)C)CC3)CCS(=O)(=O)CC2)c1,0.5599999999999999,0.184,0.10303999999999999
D001KY,Q8TBZ3,Q15291,COc1ccc2c(c1)C(=O)N(C1CCN(C(=O)CC3(c4ccc(F)cc4)CCOCC3)CC1)C2,0.175,0.5650000000000001,0.098875
D003ZZ,P62136,Q12972,O=C(O)c1cccc(CN2CCC(NC(=O)c3ccc(CNC4CCNCC4)cc3)CC2)c1,0.125,0.7769999999999999,0.09712499999999999
D001II,Q08289,Q13936,COc1cccc(NC(=O)NC2CCN(C(=O)C3(Cc4cccc(Cl)c4)CCNCC3)CC2)c1,0.199,0.485,0.096515
D006C2,Q96I25,O75533,O=C(c1cccc(CNC2CCNCC2)c1)N1CCC2(CC1)C(=O)Nc1c(Cl)cccc12,0.23499999999999996,0.39,0.09164999999999998
D004LX,Q14289,P49023,CC(C)(C)COc1ccc(NC(=O)C2(Cc3ccc(F)cc3)CCS(=O)(=O)CC2)cc1F,0.15,0.534,0.0801
D0082S,O95271,O15169,COc1ccc(CN2CCC(NC(=O)CC3(c4cccc(OC)c4)CCOCC3)CC2)cc1,0.1,0.76,0.07600000000000001
D0081K,O00463,P19438,COc1cccc(C2=NC3(CCN(C(=O)c4cnc(OCC5CCC5)cn4)CC3)C(=O)N2)c1,0.13,0.5650000000000001,0.07345000000000002
D0071K,P62136,Q12972,COc1ccc2c(c1)CN(C1CCN(C(=O)C3(c4cccc(F)c4)CCNCC3)CC1)C2=O,0.1,0.715,0.0715
D0007O,P04632,P20810,Cc1ccccc1CN1CC[C@H](NC(=O)Cn2c(C3CCOCC3)nc3cc(F)ccc32)C1,0.1,0.625,0.0625
D009DP,P63010,P01130,COc1ccc(C2(CNC(=O)c3ccc(CN[C@H]4CC[C@H](N)CC4)cc3)CCOCC2)nc1,0.1,0.61,0.061
D002VC,Q8TBZ3,O14686,NC1CCN(C(=O)c2cccc(C(=O)N3CCC(NC(=O)Nc4ccccc4)CC3)c2)CC1,0.1,0.607,0.060700000000000004
D0050T,Q03164,Q6NXT2,NC1CCN(C(=O)c2ccc(C(=O)N3CC[C@H](N4Cc5c(F)cccc5C4=O)C3)cc2)CC1,0.08,0.7500000000000001,0.06000000000000001
D000E6,Q8TBZ3,O14686,CC1(COc2ccc(C(=O)N3CCC4(CC3)N=C(c3ccc(F)cc3)NC4=O)cc2)COC1,0.11000000000000001,0.545,0.05995000000000001
D008IA,Q18PE1,O15146,NC1CCN(C(=O)c2ccc(C(=O)N3CCC4(CC3)C(=O)Nc3ccc(F)cc34)cc2)CC1,0.47000000000000003,0.125,0.058750000000000004
D00621,P62258,P58340,Cc1ccccc1CN1CC[C@@H](NC(=O)C2(Cc3ccc(Cl)cc3)CCS(=O)(=O)CC2)C1,0.23500000000000001,0.23900000000000002,0.05616500000000001
D004F5,O00463,P19438,Cc1ccccc1NC(=O)NC1CCN(C(=O)c2ccc(CNC3CCNCC3)cc2)CC1,0.09,0.624,0.056159999999999995
D005LI,A6NCE7,Q9BQS8,N[C@H]1CC[C@H](NCc2ccc(C(=O)NC3CCN(Cc4cccc(C(=O)O)c4)CC3)cc2)CC1,0.185,0.3,0.0555
D0064A,P98170,P55211,CC(C)(C)COc1ccc(F)cc1NC(=O)c1ccc(S(=O)(=O)NC2CCNCC2)cc1,0.1,0.55,0.05500000000000001
D004E5,Q8TBZ3,O14686,COc1ccc(C2=NC3(CCN(C(=O)C4(CC5CCC5)CCC(F)(F)CC4)CC3)C(=O)N2)cc1,0.1,0.545,0.05450000000000001
D001MT,Q14289,P49023,COc1ccc(Cn2nc(C)c(C(=O)N3CCCC(N4Cc5cccc(F)c5C4=O)C3)c2C)cc1,0.09,0.6020000000000001,0.054180000000000006
D005SJ,Q8TBZ3,O14686,COc1cccc(CC2(C(=O)N3CCC4(CC3)N=C(c3ccc(F)cc3)NC4=O)CCC2)c1,0.095,0.545,0.051775
D0009D,P53675,Q13492,COc1cccc(C2=NC3(CCN(C(=O)CC4(c5ccc(Cl)cc5)CCOCC4)CC3)C(=O)N2)c1,0.1,0.5,0.05
D007VI,Q8NI08,Q9NPJ4,COc1cccc(C2(C(=O)N3CCC4(CC3)C(=O)Nc3c(OC)cccc34)CCNCC2)c1,0.24500000000000002,0.2,0.04900000000000001
D003VB,Q8NI08,Q9NPJ4,COc1cccc(C2(C(=O)NCC3(c4ccc(Br)cc4)CCOCC3)CCOCC2)c1,0.13999999999999999,0.325,0.0455
D0066R,Q96EP0,Q96BN8,O=C(N[C@@H]1CCN(Cc2ccc(Br)cc2)C1)c1nccnc1OC1CCOCC1,0.1,0.45,0.045000000000000005
D00B55,Q9NZ52,P20645,O=C(NC1CCN(Cc2ccc(F)c(Cl)c2)CC1)c1cncc(OCC2CCOCC2)n1,0.29500000000000004,0.15,0.044250000000000005
D002TK,O00463,P19438,Cc1ccc2c(c1)COC21CCN(C(=O)C2(Cc3ccccc3)CCS(=O)(=O)CC2)CC1,0.1,0.442,0.0442
D002LU,P04632,P20810,O=C(N1CCOC2(C1)CN(C(c1ccccc1)c1ccccc1)C2)C1(Cc2ccccc2F)CCC1,0.075,0.585,0.043875
D003YH,Q8TBZ3,Q15291,O=C(CC1(c2ccc(F)cc2)CCOCC1)NCc1cc(F)c(OC2CCOCC2)c(F)c1,0.08,0.5449999999999999,0.04359999999999999
D00584,Q9H2K2,Q07820,COc1ccccc1C1(C(=O)Nc2cccc(S(=O)(=O)NC3CCNCC3)c2)CCNCC1,0.27999999999999997,0.15,0.041999999999999996
D003NO,Q9NVD7,P49023,O=C(Nc1ccc(Br)cc1)NC1CCN(C(=O)C2(c3ccc(F)cc3)CC2)CC1,0.13999999999999999,0.29,0.04059999999999999
D002YF,P31946,P11233,N[C@H]1CCN(c2ccc(NC(=O)C3(Cc4ccccc4Br)CCOCC3)cn2)C1,0.1,0.4,0.04000000000000001
D008HK,O43318,Q9HBH9,COc1ccc(CC2(C(=O)N3CCC4(CC3)N=C(c3cccc(F)c3)NC4=O)CCNCC2)cc1,0.175,0.225,0.039375
D00182,P27694,Q8WXE1,O=C(NCc1cccc(N2CCCCS2(=O)=O)c1)C1(c2ccc(Cl)cc2)CCOCC1,0.06999999999999999,0.54,0.0378
D002FI,P31751,P49841,O=C(CC1(c2cccc(Br)c2)CCNCC1)NC(c1ccc(F)cc1)C1CCNCC1,0.05,0.755,0.037750000000000006
D004LF,O15151,P04637,COc1cccc(C2(CC(=O)NC(CC3CCOCC3)c3ccccc3F)CCNCC2)c1,0.05,0.7449999999999999,0.03725
D000YF,P31948,P11142,COc1ccccc1C1=NC2(CCN(C(=O)c3cnc(OC4CCOCC4)cn3)CC2)C(=O)N1,0.05,0.735,0.03675
D0004Q,O15151,P04637,O=C(NCC1(Cc2ccncc2)CCC(F)(F)CC1)C1(c2ccc(Cl)cc2)CCNCC1,0.05,0.725,0.03625
D003Y4,Q14974,P01106,O=C(c1cnn(CC2CCOCC2)c1)N1CCC[C@H](N2Cc3ccccc3NS2(=O)=O)C1,0.05,0.7150000000000001,0.035750000000000004
D000KE,P31948,P11142,CC(C)(C)c1nc(C2CCCN(C(=O)c3ccc(S(=O)(=O)NC4CCNCC4)cc3)C2)no1,0.05,0.71,0.0355
D008HX,Q01081,P26368,O=C(N1CCN(Cc2ccc(F)cc2)CC1)C1(Cc2ccc(Br)cc2)CCOCC1,0.05500000000000001,0.645,0.035475000000000007
D000A2,Q16548,Q16611,O=C(Nc1c(F)cccc1NCC1CCNCC1)c1ccc(S(=O)(=O)NC2CCNCC2)cc1,0.1,0.35,0.034999999999999996
D003DA,P04632,P20810,O=C(N[C@H]1CCN(Cc2ccc(Br)cc2)C1)C1(c2cccc(Cl)c2)CCNCC1,0.05,0.6900000000000001,0.0345
D0003O,Q14974,P01106,O=C(NCC1(Cc2cccc(F)c2)CCOCC1)c1ccn2c(C3CCOCC3)nnc2c1,0.05,0.685,0.03425
D005TG,Q8TBZ3,Q15291,NC1CCN(C(=O)c2ccccc2C(=O)N2CCC3(CC2)OCc2cc(Cl)ccc23)CC1,0.06,0.5700000000000001,0.0342
D000WS,P31948,P11142,O=C(NCC1CCN(Cc2cccc(Br)c2)CC1)c1cnc2c(C3CC3)cnn2c1,0.05,0.675,0.03375
D002TF,P04632,P20810,Cc1nn(Cc2cccc(F)c2)c(C)c1C(=O)N1CCC(CN)(Cc2cccc(F)c2)CC1,0.05,0.668,0.033400000000000006
D00BIE,Q03164,Q6NXT2,NC1CCN(C(=O)c2cccc(C(=O)NC3(c4ccc(Br)cc4)COC3)c2)CC1,0.05,0.665,0.03325
D009FS,Q9NVD7,P49023,O=C(N1CCC(Oc2ncnc3ccccc23)CC1)C1(c2cccc(Cl)c2)CCOCC1,0.1,0.32999999999999996,0.032999999999999995
D0066S,Q96EP0,Q96BN8,COc1ccc(C2(CC(=O)Nc3ccc(OCC4CCNCC4)c(F)c3)CCNCC2)cc1,0.05,0.65,0.0325
D009FI,P98170,P55211,O=C(Cn1c(C2CC2)nc2ccc(F)cc21)NCC1(Cc2cccc(Cl)c2)CCNCC1,0.05,0.635,0.03175
D0042Y,Q14974,P01106,O=C(NC1CCCCC1)NC1CCN(C(=O)C2(c3cccc(Br)c3)CCOCC2)CC1,0.05,0.63,0.0315
D005UK,Q14974,P01106,O=C(N1CCC(NS(=O)(=O)c2ccccn2)CC1)C1(Cc2cccc(F)c2)CCC(F)(F)CC1,0.05,0.622,0.031100000000000003
D002GU,P63010,P01130,COc1ccc(CC2(C(=O)NC(CC3CCOCC3)c3cccc(F)c3)CCNCC2)cc1,0.05,0.6140000000000001,0.030700000000000005
D0000G,Q16548,Q16611,O=C(Cn1c(C2CCOCC2)nc2c(F)cccc21)Nc1cc(F)ccc1N[C@H]1CC[C@H](O)CC1,0.09,0.335,0.03015
D008Z2,P52294,Q09161,O=C(Nc1ccccc1Br)NC1CCN(C(=O)C2(CC3CC3)CCNCC2)CC1,0.06,0.497,0.02982
D000BO,Q8TBZ3,O14686,O=C(Nc1ccccc1OCC1CCNCC1)C1(c2ccccc2Br)CCOCC1,0.05,0.5900000000000001,0.029500000000000005
D0014N,P98170,P55211,COc1cccnc1OC1CCCN(C(=O)CC2(c3ccc(Br)cc3)CCC2)C1,0.05,0.59,0.0295
D002HL,O14980,Q9BVS4,N[C@H]1CC[C@H](NCc2cccc(C(=O)N3CCC4(CC3)COc3cccc(Cl)c34)c2)CC1,0.29,0.1,0.028999999999999998
D005AP,Q96EP0,Q96BN8,O=C(N[C@H]1CC[C@H](NC(=O)c2ccccc2Br)CC1)c1cncc(N2CCCCC2)c1,0.05,0.575,0.028749999999999998
D004KR,P04632,P20810,O=C(O)c1ccccc1CN1CCC(NC(=O)C2(Cc3ccccc3F)CCNCC2)CC1,0.05,0.557,0.027850000000000003
D002MF,Q8TBZ3,O14686,COc1ccc(C2=NC3(CCN(C(=O)c4cnc(OCC5CCOCC5)nc4)CC3)C(=O)N2)cc1,0.06,0.462,0.02772
D0003P,P31948,P11142,COc1cc(C(=O)NCC2(Cc3ccc(F)cc3)CCOCC2)ccc1OCC1CCOCC1,0.04,0.6799999999999999,0.0272
D004G0,P08100,P63096,O=C(N1CCC[C@H](N2Cc3ccccc3NS2(=O)=O)C1)C1(c2ccc(F)cc2)CCNCC1,0.2,0.135,0.027000000000000003
D0043A,P52294,Q09161,COc1ccccc1CC1(NC(=O)c2cccc(C(=O)NC3CCNCC3)c2)CCNCC1,0.175,0.145,0.025374999999999998
D0034T,Q8NI08,Q9NPJ4,CC(C)NC(=O)NC1CCCN(C(=O)C2(Cc3ccc(Cl)cc3)CCS(=O)(=O)CC2)C1,0.1,0.25,0.025
D003YZ,P62258,P58340,COc1cccc(C2(CC(=O)N3CCC(NC(=O)c4cccc(C(=O)O)c4)CC3)CCNCC2)c1,0.13,0.192,0.024960000000000003
D004BJ,Q08289,Q13936,O=C(Cn1c(C2CCOCC2)nc2cc(F)ccc21)Nc1c(F)cccc1O[C@H]1CCNC1,0.05,0.495,0.02475
D000YC,Q8TBZ3,Q15291,O=C(NC1CCN(C(=O)c2cncc(N3CCCC3)c2)CC1)c1ccc(Br)cc1,0.05,0.475,0.02375
D0017G,Q7L1I2,Q8N9I0,NC1CCN(C(=O)c2ccc(C(=O)Nc3cc(F)c(OCC4CCOCC4)c(F)c3)cc2)CC1,0.4699999999999999,0.05,0.023499999999999997
D002UL,Q8TBZ3,Q15291,O=C(O)c1cccc(C(=O)NC2CCN(C(=O)Cn3c(C4CC4)nc4c(F)cccc43)CC2)c1,0.05,0.46699999999999997,0.02335
D0013V,Q14974,P01106,COc1cccc(NC(=O)NC2CCN(C(=O)c3cnc4c(C5CCOCC5)cnn4c3)CC2)c1,0.05,0.442,0.0221
D008GQ,O43752,Q9UID3,CN(C)CC(=O)N[C@H]1CC[C@H](NC(=O)c2cncn2Cc2cccc(Br)c2)CC1,0.12000000000000002,0.184,0.022080000000000002
D0015R,P52294,Q09161,N[C@H]1CC[C@H](NCc2cccc(C(=O)N3CCC4(CC3)Cc3cc(F)ccc3NC4=O)c2)CC1,0.05,0.36,0.018
D003Q4,P62258,P58340,CN1CCN(c2cccnc2C(=O)Nc2ccc(S(=O)(=O)NC3CCNCC3)cc2)CC1,0.1,0.176,0.0176
D00325,Q8TBZ3,Q15291,O=C1NC(c2ccccc2F)=NC12CCN(C(=O)C1(c3ccc(Cl)cc3)CCNCC1)CC2,0.03,0.5730000000000001,0.01719
D00391,Q9NVD7,P49023,NC1CCN(C(=O)c2cccc(C(=O)NCc3ccc(OCC4CCOCC4)nc3)c2)CC1,0.05,0.337,0.01685
D006UO,Q18PE1,O15146,CN1CCN(c2cnccc2C(=O)NC2CCN(C(=O)c3ccc(C(=O)O)cc3)CC2)CC1,0.1,0.16799999999999998,0.0168
D00BNK,Q18PE1,O15146,O=C(Cn1c(C2CC2)nc2cccc(F)c21)NC1(Cc2ccccn2)CCS(=O)(=O)CC1,0.09,0.185,0.016649999999999998
D00073,P04632,P20810,O=C(CC1(c2cccc(Br)c2)CCNCC1)Nc1ncccc1N1CCCCC1,0.025,0.662,0.016550000000000002
D00285,Q16548,Q16611,O=C(Nc1c(F)cccc1N[C@H]1CC[C@H](O)CC1)C1(Cc2ccc(F)cc2)CCS(=O)(=O)CC1,0.075,0.217,0.016274999999999998
D00131,O95166,Q86V97,O=C(Nc1cccc(Cl)c1)NC1CCN(C(=O)CC2(c3ccc(F)cc3)CCOCC2)CC1,0.08,0.2,0.016
D0026J,Q08289,Q13936,O=C(Cn1c(C2CCOCC2)nc2cccc(F)c21)N[C@H]1CCN(C(=O)c2ccc(F)cc2)C1,0.05,0.32,0.016
D000ZY,P52294,Q09161,COc1cccc(CC2(CN)CCN(C(=O)c3cn(Cc4cccc(Cl)c4)cn3)CC2)c1,0.05,0.3,0.015
D0012R,A6NCE7,Q9BQS8,O=C(Nc1ccccc1Cl)NC1CCN(C(=O)c2cncc(OC3CCOCC3)c2)CC1,0.1,0.15,0.015
D007GZ,O43318,Q9HBH9,COc1cccc(C2(C(=O)N3CCC[C@@H](N4Cc5ccc(F)cc5C4=O)C3)CCOCC2)c1,0.1,0.15,0.015
D006CE,Q01081,P26368,O=C(CC1(c2ccc(Cl)cc2)CCNCC1)NCc1cc(N2CCCCS2(=O)=O)ccn1,0.02,0.7350000000000001,0.014700000000000003
D001A3,Q08289,Q13936,O=C(CC1(c2cccc(F)c2)CCOCC1)N1CCCC(N2Cc3cc(F)ccc3C2=O)C1,0.05,0.275,0.013750000000000002
D00358,P08100,P63096,O=C(N[C@@H]1CCN(Cc2ccncc2)C1)C1(Cc2ccccc2Br)CCOCC1,0.05,0.27,0.013500000000000002
D003EH,P98170,P55211,Cc1ccc(C2(CC(=O)Nc3cccc(F)c3OCC3CCN(C)CC3)CCNCC2)cc1,0.02,0.675,0.013500000000000002
D004C8,O43752,Q9UID3,NC1CCN(C(=O)c2ccc(C(=O)N3CCC(CN4Cc5cccc(F)c5C4=O)CC3)cc2)CC1,0.09,0.15,0.0135
D001FH,Q9H9A5,P26651,O=C(N[C@H]1CCCN(C(=O)C2(Cc3ccc(F)cc3)CCS(=O)(=O)CC2)C1)C1CCOCC1,0.09,0.15,0.0135
D006BZ,P09651,P42858,COc1ccc(CN2CC[C@@H](NC(=O)Cn3c(C4CCOCC4)nc4cccc(F)c43)C2)cc1,0.13,0.1,0.013000000000000001
D0041Z,P62258,P58340,O=C(N1CCOCC1)N1CCC(NC(=O)C2(Cc3ccccc3Cl)CCS(=O)(=O)CC2)CC1,0.13999999999999999,0.092,0.012879999999999999
D000NI,Q14974,P01106,O=C(Cn1c(C2CCOCC2)nc2c(F)cccc21)NC1CCN(C(=O)c2cccc(F)c2)CC1,0.02,0.642,0.01284
D005YZ,Q99816,Q5XX06,O=C(c1cnc2c(C3CCOCC3)cnn2c1)N(Cc1ccccc1Br)C1COC1,0.175,0.06999999999999999,0.012249999999999999
D008IS,P06241,P0C6U5,COc1ccc(C2(C(=O)NC3CCN(Cc4ccc(Cl)cc4F)CC3)CCNCC2)cc1,0.22999999999999998,0.05,0.0115
D00AL2,P62258,P58340,O=C(c1ccccc1)N1CCC(NC(=O)C2(Cc3ccccc3Cl)CCS(=O)(=O)CC2)CC1,0.075,0.15,0.01125
D00139,P98170,P55211,O=C(Nc1ccccc1Br)NC1CCN(C(=O)c2ccc(=O)n(C3CCC3)c2)CC1,0.02,0.54,0.0108
D001DG,Q9H9A5,P26651,O=C(Cn1c(C2CCOCC2)nc2ccc(F)cc21)N1CCC2(CC1)C(=O)Nc1c(Cl)cccc12,0.06999999999999999,0.145,0.010149999999999998
D005PN,Q18PE1,O15146,COc1ccc(NC(=O)NC2CCN(C(=O)CC3(c4ccc(OC)cc4)CCOCC3)CC2)cc1,0.075,0.135,0.010125
D0079I,Q9NZ52,P20645,O=C1c2cccc(F)c2CN1CC1CCN(C(=O)C2(c3ccccc3Cl)CCNCC2)CC1,0.09,0.1,0.009
D0001B,Q8N3C7,Q9P270,COc1ccccc1CC1(C(=O)Nc2c(F)cccc2N2CCC(C(=O)O)CC2)CCOCC1,0.18,0.05,0.009
D002N7,Q9NZ52,P20645,COc1ccccc1C1(CC(=O)N2CCC[C@H](N3Cc4cc(F)ccc4C3=O)C2)CCOCC1,0.05,0.175,0.008749999999999999
D007DM,O15151,P04637,O=C(CC1(c2ccccc2)CCOCC1)N1CCC2(CC1)C(=O)Nc1ccc(Br)cc12,0.01,0.8,0.008
D008T2,Q9UBZ9,Q9UGP5,O=C(N[C@H]1CCCN(C(=O)C2(Cc3ccc(F)cc3)CCC(F)(F)CC2)C1)N1CCCC1,0.15,0.05,0.0075
D005L2,Q7L1I2,Q8N9I0,O=C(O)c1cccc(CN2CCC(NC(=O)C3(c4ccccc4Cl)CCOCC3)CC2)c1,0.075,0.1,0.0075
D004JE,Q9H2K2,Q07820,Cc1ccc(OC2CCN(C(=O)CC3(c4ccc(Br)cc4)CCNCC3)CC2)nc1,0.05,0.15,0.0075
D009IK,Q9NP77,Q9NP77,O=C(O)c1ccc(CNC2CCN(C(=O)C3(c4ccccc4Cl)CCNCC3)CC2)cc1,0.075,0.1,0.0075
D004F9,P17693,P68871,O=C(NCC1(Cc2ccncc2)CCC(F)(F)CC1)c1ccc(CNC2CCNCC2)cc1,0.13999999999999999,0.05,0.006999999999999999
D008S0,Q9NZ52,P20645,COc1cccc(C2(C(=O)NC3CCN(C(=O)c4ccc(C(=O)O)cc4)CC3)CCOCC2)c1,0.05,0.135,0.006750000000000001
D007TG,Q9H2K2,Q07820,COc1cccc(C2(CC(=O)N3CCC(Oc4nc(C)cc(OC)n4)CC3)CCNCC2)c1,0.135,0.05,0.006750000000000001
D0019F,O43318,Q9HBH9,O=C(Nc1c(F)cccc1N[C@H]1CC[C@H](O)CC1)C1(Cc2cccc(F)c2)CCS(=O)(=O)CC1,0.05,0.13399999999999998,0.006699999999999999
D000X6,P62136,Q12972,CN1CCN(c2ncccc2NC(=O)CC2(c3ccc(Br)cc3)CCNCC2)CC1,0.01,0.63,0.0063
D005GW,P09651,P42858,O=C(NC1CCN(C(=O)c2cc(NC3CCC3)ncn2)CC1)c1ccc(Br)cc1,0.125,0.05,0.00625
D002A9,P08100,P63096,O=C(Cn1c(C2CCOCC2)nc2ccc(F)cc21)Nc1c(F)cccc1N1CCC(O)CC1,0.125,0.05,0.00625
D00132,Q9H2K2,Q07820,COc1cccc(CC2(CNC(=O)CC3(c4ccc(C)cc4)CCNCC3)CCOCC2)c1,0.06,0.1,0.006
D0002F,Q8TBZ3,Q15291,O=C(Nc1ccc(Br)cc1)NC1CCN(C(=O)C23CCC(C(=O)O)(CC2)C3)CC1,0.01,0.5850000000000001,0.005850000000000001
D004GA,P54284,Q13698,O=C(Nc1cc(-c2ccccc2)nn1C1CCOCC1)C(c1ccc(F)cc1)N1CCNCC1,0.13,0.045,0.00585
D003QG,O43752,Q9UID3,COc1ccccc1C(C(=O)N1CCC2(CCN(Cc3ccccc3)CC2)CC1)N1CCNCC1,0.09,0.06,0.005399999999999999
D000TO,Q9NZ52,P20645,O=C(c1ccc(CNC2CCNCC2)cc1)N1CCC2(CC1)C(=O)Nc1cccc(Cl)c12,0.10500000000000001,0.05,0.005250000000000001
D0070U,Q8IUF8,P46776,COc1ccc2c(c1)C1(CCN(C(=O)C3(Cc4ccc(Cl)cc4)CCOCC3)CC1)OC2,0.1,0.05,0.005000000000000001
D003MO,P10275,Q9NX55,CC(C)(C)c1nc(C2CCCN(C(=O)c3cn(Cc4ccc(Br)cc4)cn3)C2)no1,0.05,0.1,0.005000000000000001
D002GT,Q9UBZ9,Q9UGP5,O=C1c2cc(F)ccc2CN1C1CCN(C(=O)C2(c3cccc(Cl)c3)CCNCC2)CC1,0.05,0.1,0.005000000000000001
D000A1,Q7L1I2,Q8N9I0,O=C(c1ccc(OCC2CCOCC2)c(F)c1)N1CC[C@@H](N2Cc3ccc(F)cc3C2=O)C1,0.05,0.1,0.005000000000000001
D00653,O00255,Q8IZD2,NC1CCN(Cc2cccc(C(=O)N3CCC4(CC3)Cc3cc(F)ccc3NC4=O)c2)CC1,0.1,0.05,0.005000000000000001
D009BZ,Q9BTE1,Q8N3C7,COc1ccc(S(=O)(=O)NC2CCN(C(=O)c3nccc(OCC4CCOCC4)n3)CC2)cc1,0.025,0.192,0.0048000000000000004
D001E9,P08100,P63096,O=C(NC1(Cc2ccccn2)CCNCC1)C1(Cc2cccc(Cl)c2)CCS(=O)(=O)CC1,0.05,0.092,0.0046
D009H5,Q01968,Q8N4B1,O=C(Nc1cccc(S(=O)(=O)NC2CCNCC2)c1)C1(c2cccc(F)c2)CCNCC1,0.1,0.041999999999999996,0.0042
D00BPF,Q12959,Q12959,COc1cc(CNC(=O)c2ccc(CN[C@H]3CC[C@H](N)CC3)cc2)ccc1OC1CCOCC1,0.08,0.05,0.004
D003ZF,O75553,P02649,O=C(Nc1cccc(S(=O)(=O)NC2CCNCC2)c1)c1ccccc1OCC1CCOCC1,0.05,0.08,0.004
D0036A,P54284,Q13698,COc1ccc(CC2(C(=O)NCC3(Cc4ccc(F)cc4)CCC3)CCS(=O)(=O)CC2)cc1,0.09,0.041999999999999996,0.0037799999999999995
D006GX,P27487,P01303,COc1ccc(S(=O)(=O)NC2CCN(C(=O)c3cccc(OCC4CCOCC4)n3)CC2)cc1,0.075,0.05,0.00375
D005U9,Q9H2K2,Q07820,O=C(CC1(c2ccc(F)cc2)CCNCC1)N1CCC(CN2Cc3cc(F)ccc3C2=O)CC1,0.06,0.05,0.003
D000UE,Q9BTE1,Q8N3C7,Cc1cc(N2CCC(NC(=O)C3(c4cccc(Br)c4)CCOCC3)CC2)ncn1,0.05,0.052000000000000005,0.0026000000000000003
D005C5,Q9NP77,Q9NP77,COc1cccc(CC2(C(=O)N[C@@H]3CCN(Cc4ccc(Br)cc4)C3)CCNCC2)c1,0.05,0.05,0.0025000000000000005
D003NR,O14980,Q9BVS4,NCC1(Cc2cccc(Cl)c2)CCN(C(=O)c2ccncc2OCC2CCOCC2)CC1,0.05,0.05,0.0025000000000000005
D004XQ,P48444,O43264,O=C(Nc1ccc(OCC2CCOCC2)c(F)c1)c1ccc2nnc(C3CCOCC3)n2c1,0.05,0.05,0.0025000000000000005
D003HU,Q8N3C7,Q9P270,COc1ccc(CC2(CNC(=O)C3(Cc4ccccc4F)CCOCC3)CCNCC2)cc1,0.05,0.05,0.0025000000000000005
D000KU,Q8TCX1,Q8TD19,O=C(Cn1c(C2CCC2)nc2cccc(F)c21)NC1CCN(Cc2c(F)cc(F)cc2F)CC1,0.05,0.05,0.0025000000000000005
D0041O,Q9NZ52,P20645,O=C(c1cnc2c(C3CCOCC3)cnn2c1)N1CCC[C@@H](N2Cc3c(F)cccc3C2=O)C1,0.05,0.05,0.0025000000000000005
D000VL,P06241,P0C6U5,COc1ccc(C2(C(=O)NCC3CCN(Cc4cccc(Br)c4)CC3)CC2)cc1,0.05,0.041999999999999996,0.0021
D003SR,P02545,P35579,COc1ccccc1C1(CC(=O)N2CCCC(N3Cc4c(F)cccc4C3=O)C2)CCNCC1,0.04,0.05,0.002
D006MB,P62258,P58340,CC(C)(C)COc1ccc(NC(=O)C2(Cc3cccc(Cl)c3)CCS(=O)(=O)CC2)cc1,0.01,0.19899999999999998,0.00199
D001ER,Q9UBZ9,Q9UGP5,O=C(c1ccncc1)N1CC[C@@H](NC(=O)C2(Cc3cccc(F)c3)CCS(=O)(=O)CC2)C1,0.030000000000000006,0.05,0.0015000000000000005
D002B7,K1RT91,P00734,NC1CCN(C(=O)c2cccc(C(=O)N3CCC4(CC3)C(=O)Nc3c(Cl)cccc34)c2)CC1,0.275,0.005,0.0013750000000000001
D00AGI,O00255,Q8IZD2,O=C(N1CCC(NCc2ccc(Br)cc2)CC1)C1(c2cccc(Cl)c2)CCNCC1,0.01,0.11699999999999999,0.00117
D006H3,P09651,P42858,COCCSC(CNC(=O)c1ccc(CN[C@H]2CC[C@H](N)CC2)cc1)c1ccc(Cl)cc1,0.02,0.05,0.001
D00BI0,Q12959,Q12959,O=C(O)c1ccc(S(=O)(=O)NC2CCN(C(=O)c3cnc4cc(C5CC5)nn4c3)CC2)cc1,0.01,0.1,0.001
D0030W,P06241,P0C6U5,COc1ccc(CC2(CNC(=O)c3cc(OCC4CCOCC4)ccn3)CCNCC2)cc1,0.02,0.05,0.001
D002UX,Q8TCX1,Q8TCX1,O=C(CC1(c2cccc(F)c2)CCNCC1)NCC1CCN(c2ncnc3ccccc23)CC1,0.005,0.1,0.0005
D00533,P01889,P03211,O=C(c1cnn(CC2CCN(Cc3ccccc3)CC2)c1)N1CCC2(CC1)OCc1c(F)cccc12,0.01,0.05,0.0005
D003T7,O43318,Q9HBH9,O=C(Cn1c(C2CCOCC2)nc2cccc(F)c21)N1CCC[C@@H](N2Cc3cccc(F)c3C2=O)C1,0.0,0.095,0.0
D0028Z,Q15388,P30837,O=C(N1CCCC(N2Cc3ccccc3NS2(=O)=O)C1)C1(Cc2ccc(F)cc2)CCOCC1,0.0,0.0,0.0
D002GG,O00560,P00734,CC(C)c1nnc(C2CCCCN2C(=O)c2cnn(Cc3ccccc3Br)c2)o1,0.0,0.05,0.0
D0000I,Q9UJP4,Q96J92,COc1ccccc1C(C(=O)NC1CCN(Cc2ccc(C(=O)O)cc2)CC1)N1CCNCC1,0.05,0.0,0.0
D003OF,P41273,P00734,Cc1ccc2c(c1)OCC21CCN(C(=O)C2(Cc3ccccc3F)CCS(=O)(=O)CC2)CC1,0.0,0.0,0.0
D003LG,Q00987,P00734,COc1cccc(CC2(NC(=O)Cn3c(C4CCOCC4)nc4cccc(F)c43)CCOCC2)c1,0.0,0.0,0.0
D0051W,Q6P2P2,O14929,COc1cccc2c1NC(=O)C21CCN(C(=O)C2(Cc3cccc(Cl)c3)CCNCC2)CC1,0.0,0.0,0.0
D0084O,Q9H2K2,Q07820,CC(C)(C)C(=O)N[C@H]1CC[C@H](NC(=O)Cn2c(C3CCOCC3)nc3cc(F)ccc32)CC1,0.0,0.1,0.0
D004EE,O43318,Q9HBH9,O=C(N1CCC2(CC1)N=C(c1cccc(F)c1)NC2=O)C1(Cc2ccccc2Cl)CCNCC1,0.0,0.0,0.0
D001BN,P54284,Q13698,Cc1ccccc1C1(CC(=O)N[C@H]2CC[C@H](N3Cc4ccc(F)cc4C3=O)CC2)CCOCC1,0.0,0.05,0.0
D001R7,M4M097,P05877,O=C(c1cc(OCC2CCOCC2)ccn1)N1CCC2(CC1)C(=O)Nc1ccc(Cl)cc12,0.2,0.0,0.0
D006Z1,Q9NZ52,P20645,COc1ccc(C2(C(=O)Nc3ccc(OCC4CCN(C)CC4)c(F)c3)CCOCC2)nc1,0.15,0.0,0.0
D005SB,Q15398,P00734,O=C(c1cncn1-c1cccc(Br)c1)N1CCCCC1c1nnc(C2CCC2)o1,0.0,0.0,0.0
D002CJ,Q9NVD7,P49023,O=C(Cc1c[nH]c2cc(Br)ccc12)NC1(Cc2ccncc2)CCC(F)(F)CC1,0.0,0.2,0.0
D008Z1,M4M097,P05877,O=C(c1ccc(S(=O)(=O)NC2CCNCC2)cc1)N1CCCCC1c1nnc(C2CC2)o1,0.0,0.0,0.0
D008OK,O00255,Q8IZD2,O=C(N1CCC(NCc2ccc(F)c(Cl)c2)CC1)C1(c2cccc(Cl)c2)CCNCC1,0.0,0.0,0.0
D002TY,Q99816,Q5XX06,O=C(Nc1c(F)cccc1OC1CCOCC1)C1CCCN(c2ncnc3ccccc23)C1,0.0,0.1,0.0
D00467,P41273,P00734,O=C(c1cccc(CNC2CCNCC2)c1)N1CCC2(CC1)Cc1c(F)cccc1NC2=O,0.0,0.0,0.0
D0022D,P10275,Q9NX55,O=C(c1ccccc1OCC1CCOCC1)N1CCC2(CC1)Cc1cc(F)ccc1NC2=O,0.1,0.0,0.0
D000CK,P02545,P35579,O=C(CC1(c2ccc(Br)cc2)CCNCC1)Nc1ccccc1OCC1CCNCC1,0.0,0.0,0.0
D000SY,P62136,Q12972,N[C@@H]1CCN(c2ccc(F)cc2NC(=O)CC2(c3ccc(Br)cc3)CCNCC2)C1,0.0,0.74,0.0
D0005Q,Q9BTE1,Q8N3C7,O=C1c2c(F)cccc2CN1[C@H]1CC[C@H](NC(=O)C2(Cc3cccc(Cl)c3)CCOCC2)CC1,0.0,0.242,0.0
D002XI,Q9UJP4,Q96J92,CC(C)(CC(=O)Nc1ccccc1N1CCC(C(=O)O)CC1)c1cccc(Br)c1,0.0,0.142,0.0
D001MH,Q9UBZ9,Q9UGP5,O=C(CC1(c2ccc(Br)cc2)CCOCC1)N[C@@H]1CCN(C2CCCCC2)C1,0.0,0.0,0.0
D001OS,P63096,P00734,Cc1ccccc1C1(CC(=O)N2CCC3(CC2)Cc2c(F)cccc2NC3=O)CCOCC1,0.0,0.0,0.0
D0017E,P08709,P00734,NC1CCN(c2ccc(F)cc2NC(=O)CC2(c3ccc(Br)cc3)CCNCC2)CC1,0.02,0.0,0.0
D0068G,Q13588,P00734,CS(=O)(=O)NC1CCN(C(=O)CC2(c3ccc(Br)cc3)CCNCC2)CC1,0.05,0.0,0.0
D004HQ,Q15233,P00734,COc1cccc(CC2(CNC(=O)c3c(C)nn(Cc4ccccc4F)c3C)CCNCC2)c1,0.0,0.0,0.0
D005LP,Q7L1I2,Q8N9I0,O=C(O)c1ccc(C(=O)NC2CCN(C(=O)CC3(c4cccc(F)c4)CCOCC3)CC2)cc1,0.15,0.0,0.0
D0029W,P63096,P00734,CCc1nc2cccc(F)c2n1CC(=O)N1CCC(N2Cc3ccccc3NS2(=O)=O)CC1,0.03,0.0,0.0
D005NY,Q8TCX1,Q8TD19,COc1ccc(C2(CC(=O)N3CCC4(CC3)OCc3c(Cl)cccc34)CCOCC2)cc1,0.0,0.0,0.0
D005VT,P06241,P0C6U5,O=C(Nc1cc(F)c(OC2CCC2)c(F)c1)c1cccc(S(=O)(=O)NC2CCNCC2)c1,0.0,0.05,0.0
D0093O,W1WL99,Q9Y399,O=C(CC1(c2cccc(Cl)c2)CCNCC1)Nc1cc(-c2ccccc2)nn1C1CCNCC1,0.0,0.0,0.0
D000A3,Q7L1I2,Q8N9I0,COc1ccccc1CC1(C(=O)NCC2CCN(C(=O)c3ccccc3F)CC2)CCNCC1,0.0,0.0,0.0
D000TE,Q9BTE1,Q8N3C7,Cc1cc(OC2CCCN(C(=O)C3(Cc4cccc(Br)c4)CCOCC3)C2)ncn1,0.0,0.05,0.0
D005VM,Q16548,Q16611,Cc1cc(NC(=O)c2cc(C)n(C3CCOCC3)n2)n(Cc2ccccc2Br)n1,0.0,0.275,0.0
D00801,Q8TBZ3,O14686,O=C(CC1(c2ccc(Cl)cc2)CCNCC1)NC(CC1CCOCC1)c1ccccc1F,0.0,0.5349999999999999,0.0
D000AM,Q8TBZ3,O14686,O=C1c2cc(F)ccc2CN1[C@H]1CC[C@H](NC(=O)C2(Cc3ccccc3Cl)CCNCC2)CC1,0.0,0.52,0.0
D002NE,P17693,P68871,COc1cccc(CC2(C(=O)NCc3cn(Cc4ccccc4)cn3)CCS(=O)(=O)CC2)c1,0.0,0.0,0.0
D009CD,Q9UJP4,Q96J92,O=C1c2cc(F)ccc2CN1CC1CCN(C(=O)C2(c3ccc(F)cn3)CCOCC2)CC1,0.0,0.1,0.0
D003XK,Q13285,Q15466,Cc1cc(NC(=O)CC2(c3ccccc3)CCNCC2)n(CC2CCN(Cc3ccccc3)CC2)n1,0.0,0.2,0.0
D007IR,Q15691,Q03001,COc1cccc(CC2(C(=O)NCC3(c4ccccc4OC)CCNCC3)CCNCC2)c1,0.0,0.0,0.0
D0035J,Q00987,P00734,O=C1c2c(F)cccc2CN1C1CCCN(C(=O)C2(c3cccc(Cl)c3)CCNCC2)C1,0.05,0.0,0.0
D005U5,Q15398,P00734,O=C(Cn1c(C2CCOCC2)nc2cccc(F)c21)NCC1(Cc2cccc(F)c2)CCNCC1,0.0,0.0,0.0
D006Z8,O00463,P19438,NC1CCN(C(=O)c2ccc(C(=O)NC3CCN(Cc4cccc(C(=O)O)c4)CC3)cc2)CC1,0.0,0.585,0.0
D007PT,Q15398,P00734,CCS(=O)(=O)N[C@H]1CCCN(C(=O)C2(Cc3ccc(F)cc3)CCS(=O)(=O)CC2)C1,0.26,0.0,0.0
D006KG,P31948,P11142,O=C(NCC1(c2ccc(Br)cc2)CCOCC1)c1cncc(OCC2CCOCC2)n1,0.0,0.677,0.0
D004S8,Q6P2P2,O14929,NC1CCN(Cc2ccccc2C(=O)N2CCC(NCc3cccc(C(=O)O)c3)CC2)CC1,0.0,0.0,0.0
D00884,P62136,Q12972,Cc1nn(Cc2ccc(F)cc2)c(C)c1C(=O)NC1(Cc2cccc(Cl)c2)CCNCC1,0.0,0.7100000000000001,0.0
D0047C,P63096,P00734,O=C1c2ccc(F)cc2CN1CC1CCN(C(=O)C2(c3ccccc3Cl)CCNCC2)CC1,0.0,0.0,0.0
D006VF,Q7L1I2,Q8N9I0,O=C(O)C1CCN(c2cccc(F)c2NC(=O)C2(c3cccc(Br)c3)CC2)CC1,0.0,0.1,0.0
D000EJ,O00560,P00734,CN1CCC(COc2ccc(F)cc2NC(=O)Cn2c(C3CCOCC3)nc3c(F)cccc32)CC1,0.0,0.0,0.0
D003IR,M4M097,P05877,O=C(c1cncn1Cc1ccc(Br)cc1)N1CCCCC1c1nnc(C2CCC2)o1,0.0,0.0,0.0
D001VC,Q01968,Q8N4B1,O=C(Nc1cc(-c2ccccc2)nn1C1CCOCC1)c1cnccc1OCC1CCOCC1,0.0,0.05,0.0
D002UZ,Q18PE1,O15146,NCC1(c2ccccc2F)CCN(C(=O)CC2(c3ccc(Br)cc3)CCNCC2)CC1,0.0,0.19,0.0
D008MA,Q12959,Q12959,Cc1cccc(C2(CC(=O)Nc3cc(F)c(OCC4CCOCC4)c(F)c3)CCNCC2)c1,0.0,0.0,0.0
D007LO,Q8TBZ3,O14686,CN1CCN(c2cccnc2C(=O)N2CCC3(CC2)N=C(c2ccc(F)cc2)NC3=O)CC1,0.0,0.62,0.0
D003KO,O15151,P04637,CN1CCN(c2ccncc2C(=O)N2CCC3(CC2)C(=O)Nc2ccc(Br)cc23)CC1,0.0,0.76,0.0
D001SW,Q15388,P30837,COc1cccc(C2(CC(=O)N3CCC(NC(=O)Nc4ccc(C)cc4)CC3)CCNCC2)c1,0.075,0.0,0.0
D001S0,Q16611,A8MW95,COc1cc(C(=O)N2CC[C@@H](NC(=O)NCc3cccc(F)c3)C2)ccc1OC1CCOCC1,0.2,0.0,0.0
D0024X,Q16548,Q16611,NCC1(Cc2cccc(Cl)c2)CCN(C(=O)c2ccc(C(=O)NC3CCNCC3)cc2)CC1,0.0,0.25,0.0
D006H7,Q14974,P01106,COCCC1(C(=O)N2CCC3(CC2)Cc2cccc(F)c2NC3=O)CCS(=O)(=O)CC1,0.0,0.65,0.0
D008LG,P31751,P49841,CC1(C)CC(=O)Nc2ccc(NC(=O)C3(c4ccccc4Br)CCOCC3)cc21,0.0,0.79,0.0
D00127,P06241,P0C6U5,CC(C)c1nnc(C2CCCCN2C(=O)CC2(c3cccc(Br)c3)CCOCC2)o1,0.08,0.0,0.0
D009GF,A6NCE7,Q9BQS8,O=C(NC1CCN(C(=O)c2ccc(Br)cc2)CC1)c1cccc(CNC2CCNCC2)c1,0.0,0.11699999999999999,0.0
D00639,Q96I25,O75533,O=C(NCc1cn(Cc2ccccc2Br)cn1)c1cc2n(n1)CC1(CCC1)CO2,0.0,0.52,0.0
D006IM,O00560,P00734,COc1ccc(CC2(C(=O)N3CCC[C@H](NC(=O)c4cccnc4)C3)CCS(=O)(=O)CC2)cc1,0.2,0.0,0.0
D009R7,P98170,P55211,Cc1cccc(CN2CC[C@@H](NC(=O)C3(c4ccc(Br)cc4)CCOCC3)C2)c1,0.0,0.7050000000000001,0.0
D006UG,Q8WTS6,Q8WTS6,COCCCNc1ccc(F)cc1NC(=O)C1(Cc2ccc(Br)cc2)CCOCC1,0.0,0.135,0.0
D0078V,O00560,P00734,O=C(NC1(Cc2cccc(Br)c2)CCOCC1)c1cc2n(n1)CC1(CCC1)CO2,0.0,0.0,0.0
D002UV,Q8TBZ3,Q15291,O=C(CC1(c2ccc(F)cc2)CCNCC1)N1CCC[C@H](N2Cc3ccc(F)cc3C2=O)C1,0.0,0.557,0.0
D00820,O95271,O15169,NC1CCN(Cc2cccc(C(=O)N3CCC(NS(=O)(=O)c4ccccc4F)CC3)c2)CC1,0.0,0.745,0.0
D0031E,Q18PE1,O15146,COc1ccc(C2(CC(=O)NCC3(Cc4ccccc4F)CCNCC3)CCNCC2)cc1,0.0,0.075,0.0
D00929,P53675,Q13492,O=C(Nc1cccnc1OC1CCOCC1)C1(Cc2ccc(F)cc2)CCS(=O)(=O)CC1,0.0,0.345,0.0
D0018Z,Q9UJP4,Q96J92,O=C(O)c1ccc(S(=O)(=O)NC2CCN(C(=O)C3(Cc4ccc(F)cc4)CCC3)CC2)cc1,0.0,0.05,0.0
D006C7,Q9H492,Q9BQS8,O=C(NCc1cc(N2CCCCS2(=O)=O)ccn1)c1cccc(CNC2CCNCC2)c1,0.0,0.41500000000000004,0.0
D0021T,Q13285,Q15466,O=C(N1CCC2(CC1)OCc1ccc(Cl)cc12)C1(Cc2cccc(Cl)c2)CCNCC1,0.0,0.275,0.0
D008H7,P08709,P00734,COc1ccc(C2(C(=O)N3CCC(CN4Cc5ccc(F)cc5C4=O)CC3)CCNCC2)cc1,0.15,0.0,0.0
D0043G,Q9BTE1,Q8N3C7,COc1cccc(CC2(CNC(=O)Cn3c(C4CCC4)nc4cccc(F)c43)CCNCC2)c1,0.0,0.15,0.0
D003MR,P10275,Q9NX55,O=C(c1cn(Cc2ccc(Br)cc2)cn1)N1CCCC(c2noc(C3CC3)n2)C1,0.0,0.075,0.0
D000DO,P17693,P68871,Cc1cc(N2CCC(NC(=O)C3(Cc4ccc(F)cc4)CCS(=O)(=O)CC3)CC2)ncn1,0.37,0.0,0.0
D000BP,O95271,O15169,O=C(Cn1c(C2CCOCC2)nc2c(F)cccc21)N1CCC[C@@H](N2Cc3ccc(F)cc3C2=O)C1,0.0,0.78,0.0
D000OY,O00560,P00734,O=C(NC1CCN(Cc2ccc(Br)cc2)CC1)c1nccnc1OCC1CCC1,0.0,0.0,0.0
D001CI,K1RT91,P00734,COc1ccccc1CC1(CN)CCN(C(=O)c2ccccc2C(=O)N2CCC(N)CC2)CC1,0.05,0.0,0.0
D005L7,Q13588,P00734,COc1ccc(CC2(C(=O)NC3CCN(C(=O)c4cccc(C(=O)O)c4)CC3)CCNCC2)cc1,0.05,0.0,0.0
D008PN,Q9BTE1,Q8N3C7,COCCCOc1ccc(F)cc1NC(=O)C1(Cc2ccccc2Cl)CCS(=O)(=O)CC1,0.0,0.142,0.0
D007DO,P63096,P00734,COc1cc(C(=O)N2CCC(c3c[nH]c4cccc(F)c34)CC2)ccc1OCC1CCOCC1,0.0,0.0,0.0
D001DN,K1RT91,P00734,O=C(Nc1cccc(N2CCOCC2)c1)C1(Cc2cccc(Br)c2)CCOCC1,0.0,0.0,0.0
D0054M,Q92526,Q9NP78,O=C(N1CCC(OCCN2CCOCC2)C1)C1(Cc2ccc(Br)cc2)CCOCC1,0.0,0.1,0.0
D008NP,Q14974,P01106,COc1ccc(CC2(C(=O)NC3(c4ccc(Cl)cc4)COC3)CCS(=O)(=O)CC2)cc1,0.0,0.55,0.0
D006F6,P12004,Q9UGP5,NCC1(c2ccc(Cl)cc2)CCN(C(=O)c2ccc3nnc(C4CCOCC4)n3c2)CC1,0.0,0.22000000000000003,0.0
D0015Q,Q15398,P00734,O=C(O)c1ccc(C(=O)NC2CCN(C(=O)c3cc(OC4CCOCC4)ccn3)CC2)cc1,0.06999999999999999,0.0,0.0
D000UB,O00560,P00734,Cc1nn(Cc2cccc(F)c2)c(C)c1C(=O)NCc1ccnc(OCC2CCOCC2)n1,0.0,0.0,0.0
D005JY,Q96I25,O75533,O=C(Cn1c(C2CCC2)nc2cc(F)ccc21)N1CC[C@H](N2Cc3ccccc3NS2(=O)=O)C1,0.0,0.55,0.0
D006NV,Q92526,Q9NP78,O=C(NC(CC1CCNCC1)c1ccccc1F)C1(Cc2ccc(Cl)cc2)CCNCC1,0.0,0.1,0.0
D008VI,P07359,P00734,COc1cccc(CC2(C(=O)Nc3cccc(F)c3N3CC[C@H](O)C3)CCS(=O)(=O)CC2)c1,0.22000000000000003,0.0,0.0
D007DE,Q8TBZ3,O14686,O=C1NC(c2ccccc2)=NC12CCN(C(=O)C1(c3cccc(Br)c3)CCOCC1)CC2,0.0,0.54,0.0
D000E0,P17693,P68871,O=C(c1ccc(S(=O)(=O)NC2CCNCC2)cc1)N1CCCC(c2c[nH]c3cc(F)ccc23)C1,0.0,0.0,0.0
D000TH,P53675,Q13492,O=C(NC1(c2ccc(Br)cc2)CCOCC1)c1cnc(OCC2CCOCC2)nc1,0.0,0.254,0.0
D003G0,Q9H2K2,Q07820,COc1ccc2c(c1)CN(C1CCN(C(=O)CC3(c4cccc(Br)c4)CCC3)CC1)C2=O,0.0,0.2,0.0
D0017H,P04632,P20810,O=C(c1ccc(F)cc1)N1CC[C@@H](NC(=O)C2(c3cccc(Br)c3)CCOCC2)C1,0.0,0.6569999999999999,0.0
D006K8,Q8IUF8,P46776,Cc1ccc2c(c1)C1(CCN(C(=O)C3(Cc4ccccc4)CCS(=O)(=O)CC3)CC1)CO2,0.0,0.0,0.0
D0088I,Q8TBZ3,Q15291,O=C(NCC1(Cc2cccc(Cl)c2)CCNCC1)C1(c2cccc(Cl)c2)CCNCC1,0.0,0.592,0.0
D003AX,Q9UJP4,Q96J92,COc1ccc2c(c1)OCC21CCN(C(=O)C2(Cc3cccc(F)c3)CCS(=O)(=O)CC2)CC1,0.0,0.05,0.0
D002TQ,O95166,Q86V97,O=C(Nc1cccc(Cl)c1)NC1CCN(C(=O)CC2(c3ccccc3F)CCNCC2)CC1,0.0,0.0,0.0
D003XL,P31946,P11233,O=C(CC1(c2cccc(Br)c2)CCNCC1)NC1(c2cccc(Cl)c2)CCOCC1,0.0,0.42699999999999994,0.0
D001OF,O43318,Q9HBH9,O=C(Cn1c(C2CCOCC2)nc2cccc(F)c21)N1CC[C@@H](N2Cc3ccccc3NC2=O)C1,0.0,0.05,0.0
D003RU,P06241,P0C6U5,O=C(CC1(c2cccc(Br)c2)CCC1)NCc1cc(OC2CCOCC2)ccn1,0.05,0.0,0.0
D000DF,Q16611,A8MW95,COc1cc(C(=O)N2CCC(c3c[nH]c4cc(F)ccc34)C2)ccc1OCC1CCOCC1,0.0,0.1,0.0
D002DI,W1YHW0,W1Y611,O=C(N1CCC2(CC1)OCc1cc(F)ccc12)C1(Cc2cccc(F)c2)CCS(=O)(=O)CC1,0.0,0.0,0.0
D002LN,Q13285,Q15466,O=C1c2c(F)cccc2CN1CC1CCN(C(=O)c2cccn3c(C4CCOCC4)nnc23)CC1,0.0,0.375,0.0
D001XB,P08100,P63096,COc1ccccc1C1(CNC(=O)CC2(c3ccc(Cl)cc3)CCNCC2)CCNCC1,0.0,0.282,0.0
D005DB,P48444,O43264,CCc1nc2cccc(F)c2n1CC(=O)N1CCCC(NCc2cccc(Br)c2)C1,0.05,0.0,0.0
D00910,P07359,P00734,NC1CCN(C(=O)c2ccc(C(=O)Nc3ccccc3S(=O)(=O)NC3CCNCC3)cc2)CC1,0.05,0.0,0.0
D0096B,P10275,Q9NX55,NC1CCN(C(=O)c2ccc(C(=O)NCC3CCN(C(=O)C4CCOCC4)CC3)cc2)CC1,0.05,0.0,0.0
D0003R,Q9H2K2,Q07820,O=C(NCC1CCN(C(=O)c2ccc(F)cc2)CC1)c1ncccc1OCC1CCOCC1,0.0,0.2,0.0
D004HM,Q8N1F8,P07998,COc1ccc2[nH]c(C(=O)NCC3CCN(Cc4cccc(Br)c4)CC3)nc2c1,0.0,0.0,0.0
D000CI,P53675,Q13492,O=C1Nc2ccccc2CN1C1CCN(C(=O)C2(Cc3ccccc3)CCC(F)(F)CC2)CC1,0.0,0.315,0.0
D004M2,Q9H9A5,P26651,O=C(CC1(c2ccc(F)cc2)CCOCC1)NCC1(Cc2ccncc2)CCC(F)(F)CC1,0.0,0.06,0.0
D000U3,P31751,P49841,COc1ccccc1C1(C(=O)NC2(Cc3cccnc3)CCS(=O)(=O)CC2)CCOCC1,0.0,0.79,0.0
D001JL,P02545,P35579,O=C(Cn1c(C2CCOCC2)nc2c(F)cccc21)NC1(Cc2ccccc2)CCOCC1,0.0,0.0,0.0
D005O7,P24941,P60953,O=C(CC1(c2cccc(Br)c2)CCNCC1)N[C@H]1CCN(C2CCCCC2)C1,0.0,0.24500000000000002,0.0
D0040F,P53675,Q13492,O=C(c1cn(Cc2ccccc2Br)cn1)N1CCC(c2noc(C3CCC3)n2)CC1,0.0,0.392,0.0
D004H8,P63010,P01130,O=C(N[C@@H]1CCN(Cc2cccc(Br)c2)C1)C1(c2ccccc2Cl)CCOCC1,0.0,0.5469999999999999,0.0
D006AE,O75553,P02649,O=C(CC1(c2cccc(Br)c2)CCNCC1)N1CCN(c2ccc(F)cc2)CC1,0.0,0.0,0.0
D000O3,P62258,P58340,CCS(=O)(=O)N1CCC(CNC(=O)C2(Cc3ccccc3F)CCS(=O)(=O)CC2)CC1,0.0,0.24500000000000002,0.0
D0000R,P10275,Q9NX55,O=C(Nc1cccnc1NCC1CCNCC1)c1cccc(S(=O)(=O)NC2CCNCC2)c1,0.0,0.0,0.0
D0088A,Q9BTE1,Q8N3C7,O=C(NC1(Cc2ccccc2)CCOCC1)C1(Cc2ccc(Br)cc2)CCOCC1,0.0,0.06699999999999999,0.0
D005NT,Q12959,Q12959,COCc1cc(OC2CCCN(C(=O)C3(Cc4ccccc4OC)CCNCC3)C2)ncn1,0.0,0.0,0.0
D006K6,P63010,P01130,O=C(Nc1cccc(S(=O)(=O)NC2CCNCC2)c1)c1ccc(N2CCCCCC2=O)cc1,0.0,0.5890000000000001,0.0
D0043W,Q13588,P00734,CC1(C)NC(=O)Cc2cc(NC(=O)CC3(c4cccc(Br)c4)CCNCC3)ccc21,0.0,0.0,0.0
D000EZ,Q18PE1,O15146,O=C(O)c1ccc(C(=O)N2CCC(NC(=O)C3(Cc4cccnc4)CCNCC3)CC2)cc1,0.0,0.11499999999999999,0.0
D002OV,P07359,P00734,COc1cccc(C2(CC(=O)N3CCC(CN4Cc5cccc(F)c5C4=O)CC3)CCOCC2)c1,0.0,0.0,0.0
D00998,Q9H2K2,Q07820,O=C(CC1(c2ccc(Cl)cc2)CCNCC1)NC1(Cc2cccnc2)CCS(=O)(=O)CC1,0.0,0.0,0.0
D002P3,P54284,Q13698,N[C@H]1CC[C@H](NCc2cccc(C(=O)NC3(c4ccc(Br)cc4)CCOCC3)c2)CC1,0.0,0.082,0.0
D0011Y,P52294,Q09161,O=C(Cc1c[nH]c2cc(Br)ccc12)NC1(Cc2cccnc2)CCC(F)(F)CC1,0.0,0.3,0.0
D0029E,P54284,Q13698,O=C(Nc1ccc(Cl)cc1)NC1CCN(C(=O)Cn2c(C3CC3)nc3c(F)cccc32)CC1,0.0,0.0,0.0
D003KS,Q00987,P00734,CC(C)Cc1noc(C2CCCCN2C(=O)Cn2c(C3CCOCC3)nc3cccc(F)c32)n1,0.0,0.0,0.0
D007MS,Q15388,P30837,COc1cccc(CC2(CN)CCN(C(=O)c3cc(C)n(Cc4ccccc4F)n3)CC2)c1,0.0,0.0,0.0
D0027J,O43318,Q9HBH9,O=C(NC1CCCN(C(=O)Cn2c(C3CCOCC3)nc3c(F)cccc32)C1)c1ccccc1F,0.0,0.05,0.0
D001WZ,Q15388,P30837,O=C(CC1(c2ccc(Br)cc2)CCNCC1)N1CCCC(c2nnc(C3CCC3)o2)C1,0.0,0.0,0.0
D000Q5,Q9H2K2,Q07820,O=C(CC1(c2ccc(Cl)cc2)CCNCC1)N1CCC(CN2Cc3ccc(F)cc3C2=O)CC1,0.0,0.0,0.0
D008N1,Q14974,P01106,Cc1cnn(Cc2ccccc2Br)c1NC(=O)C1CC12CCS(=O)(=O)CC2,0.0,0.6399999999999999,0.0
D004VA,P80188,P81172,O=C(N1CCCC(Oc2ccncn2)C1)C1(Cc2cccc(Br)c2)CCOCC1,0.015,0.0,0.0
D00592,P09651,P42858,O=C(N1CCC(NCc2ccc(F)c(F)c2)CC1)C1(c2ccc(Br)cc2)CCOCC1,0.0,0.15,0.0
D0098L,P38398,P00734,NC1CCN(C(=O)c2ccccc2C(=O)N2CCC[C@@H](NC(=O)c3ccccc3F)C2)CC1,0.0,0.0,0.0
D009F3,Q9UJP4,Q96J92,COc1ccc(CC2(C(=O)N3CCCCC3c3nnc(C(C)(C)C)o3)CCS(=O)(=O)CC2)cc1,0.0,0.0,0.0
D00931,P08709,P00734,COc1ccc(CC2(C(=O)NC3(Cc4cccc(OC)c4)CCNCC3)CCNCC2)cc1,0.1,0.0,0.0
D0030G,P31947,P10636,COCc1cc(OC2CCCN(C(=O)C3(Cc4cccc(Cl)c4)CCOCC3)C2)ncn1,0.0,0.0,0.0
D000YS,Q15398,P00734,O=C(N[C@@H]1CCN(Cc2cccc(Br)c2)C1)c1cnc(OC2CCOCC2)nc1,0.0,0.0,0.0
D0063A,P62258,P58340,O=C(NCC1CCN(c2ccccn2)CC1)C1(Cc2ccc(F)cc2)CCS(=O)(=O)CC1,0.075,0.0,0.0
D009QV,Q15398,P00734,COc1ccccc1CC1(NC(=O)c2cc(C)nn2Cc2ccccc2F)CCS(=O)(=O)CC1,0.0,0.0,0.0
D007MF,P24941,P60953,COc1ccc(CC2(C(=O)NCc3cc(F)c(OCC4CCOCC4)c(F)c3)CCOCC2)cc1,0.0,0.305,0.0
D001KV,Q18PE1,O15146,COc1ccc(S(=O)(=O)NC2CCN(C(=O)c3c(C)nn(-c4ccccc4OC)c3C)CC2)cc1,0.0,0.185,0.0
D0035D,P07359,P00734,O=C(CC1(c2cccc(Cl)c2)CCNCC1)N1CC[C@@H](N2Cc3cc(F)ccc3C2=O)C1,0.05,0.0,0.0
D009QD,P24941,P60953,COc1cccnc1C1(C(=O)N2CCC[C@H](N3Cc4cc(F)ccc4C3=O)C2)CCOCC1,0.0,0.255,0.0
D004WP,Q8IUF8,P46776,O=C(Nc1cccc(Br)c1)NC1CCN(C(=O)c2nccnc2OCC2CC2)CC1,0.0,0.18,0.0
D0058D,P12004,Q9UGP5,O=C(N1CC(N2Cc3ccccc3NS2(=O)=O)C1)C1(c2cccc(Br)c2)CCC1,0.0,0.395,0.0
D009GS,A6NCE7,Q9BQS8,COc1ccc(C2=NC3(CCN(C(=O)C4(Cc5ccccc5OC)CCC4)CC3)C(=O)N2)cc1,0.0,0.392,0.0
D005Q5,P31751,P49841,N[C@H]1CC[C@H](NCc2ccc(C(=O)N3CCC(N4Cc5ccccc5NC4=O)CC3)cc2)CC1,0.0,0.79,0.0
D007EQ,Q16548,Q16611,Cc1ccc(Cn2nc(C)c(C(=O)N3CCC(CN)(c4cccc(Cl)c4)CC3)c2C)cc1,0.0,0.3,0.0
D000CD,O43318,Q9HBH9,COc1cccc(C2(C(=O)N3CCC[C@@H](N4Cc5cccc(F)c5C4=O)C3)CCOCC2)c1,0.0,0.04,0.0
D00134,P52294,Q09161,COc1cccc(CC2(CNC(=O)Cn3c(C4CCOCC4)nc4cccc(F)c43)CC2)c1,0.0,0.41500000000000004,0.0
D008GN,M4M097,P05877,NCC1(Cc2cccc(Cl)c2)CCN(C(=O)C2(c3cccc(Cl)c3)CCNCC2)CC1,0.0,0.0,0.0
D002PV,P06241,P0C6U5,COc1cc(CNC(=O)c2ccnc(OCC3CCOCC3)n2)ccc1OCC1CCOCC1,0.0,0.0,0.0
D00616,W1XFS6,P10071,COc1cccc(CC2(CNC(=O)CC3(c4cccc(C)c4)CCNCC3)CCNCC2)c1,0.05,0.0,0.0
D0039N,P41273,P00734,O=C(c1cnc(=O)n(C2CCOCC2)c1)N1CCC(CN2Cc3ccc(F)cc3C2=O)CC1,0.0,0.0,0.0
D00BLV,O00560,P00734,COc1ccc(C2(NC(=O)C3(Cc4ccc(Br)cc4)CCOCC3)CCC2)cc1,0.0,0.0,0.0
D005UD,P53675,Q13492,COc1ccc(C2=NC3(CCN(C(=O)CC4(c5cccc(OC)c5)CCOCC4)CC3)C(=O)N2)cc1,0.0,0.48,0.0
D002H2,P04632,P20810,COc1ccccc1CC1(CN)CCN(C(=O)c2cc(F)c(OCC3CCOCC3)c(F)c2)CC1,0.0,0.64,0.0
D00507,P80188,P81172,O=C(NCC1(Cc2ccccc2F)CCNCC1)C1CCCN(c2ncnc3ccccc23)C1,0.0,0.0,0.0
D005XA,Q9UJP4,Q96J92,COc1cc(C)nc(OC2CCCN(C(=O)C3CCN(c4ncnc5ccccc45)CC3)C2)n1,0.08499999999999999,0.0,0.0
D00053,P98170,P55211,O=C(CC1(c2ccccc2F)CCOCC1)Nc1cccc(S(=O)(=O)NC2CCNCC2)c1,0.0,0.55,0.0
D009PQ,Q13588,P00734,COc1ccc(CC2(CN)CCN(C(=O)CC3(c4cccc(C)c4)CCNCC3)CC2)cc1,0.0,0.0,0.0
D0071B,P09651,P42858,O=C(N1CCC[C@@H](NCc2cccc(Br)c2)C1)C1(c2ccc(Cl)cc2)CCNCC1,0.0,0.1,0.0
D008Q1,O00560,P00734,COc1ccc(OC)c(S(=O)(=O)N2CCC3(CC2)C(=O)Nc2cccc(Br)c23)c1,0.1,0.0,0.0
D00079,P10275,Q9NX55,COc1ccc(CC2(C(=O)N3CCC(CN4Cc5cccc(F)c5C4=O)CC3)CCOCC2)cc1,0.0,0.1,0.0
D000JK,P20248,P00734,N[C@H]1CC[C@H](NCc2cccc(C(=O)NCc3cn(Cc4ccccc4Cl)cn3)c2)CC1,0.0,0.0,0.0
D00424,Q15691,Q03001,O=C(CC1(c2cccc(Cl)c2)CCNCC1)NC(CC1CCOCC1)c1ccc(F)cc1,0.0,0.05,0.0
D006M7,P62258,P58340,COc1ccccc1C1(C(=O)NC2CCN(Cc3cccc(C(=O)O)c3)CC2)CCNCC1,0.0,0.144,0.0
D0097G,Q15388,P30837,NC1CCN(C(=O)c2ccccc2C(=O)Nc2ccccc2S(=O)(=O)NC2CCNCC2)CC1,0.05,0.0,0.0
D0090V,Q08289,Q13936,O=C(NCc1cccc(OC2CCOCC2)n1)c1cccc(S(=O)(=O)NC2CCNCC2)c1,0.0,0.472,0.0
D005P4,O00560,P00734,O=C(NC1CCN(Cc2ccc(Cl)cc2)CC1)C1CCN(c2ncnc3ccccc23)CC1,0.22999999999999998,0.0,0.0
D007QR,Q15398,P00734,O=C(c1cc(OCC2CCOCC2)ncn1)N1CCC[C@@H](N2Cc3ccccc3NS2(=O)=O)C1,0.0,0.0,0.0
D005XI,P80188,P81172,N[C@H]1CC[C@H](NCc2cccc(C(=O)N3CCC4(CC3)OCc3c(Cl)cccc34)c2)CC1,0.0,0.05,0.0
D002ZO,P53675,Q13492,O=C(c1ccn2c(C3CCOCC3)nnc2c1)N1CCC2(CC1)C(=O)Nc1ccc(Cl)cc12,0.0,0.47700000000000004,0.0
D002Z3,Q8TBZ3,Q15291,COc1ccccc1C(C(=O)NCc1ccc(N2CCCCCC2=O)cc1)N1CCNCC1,0.0,0.555,0.0
D000HK,Q14974,P01106,O=C(c1ccccc1F)N1CC[C@@H](NC(=O)C2(Cc3ccccc3)CCS(=O)(=O)CC2)C1,0.0,0.5650000000000001,0.0
D0079L,Q8TCX1,Q8TD19,O=C(Nc1c(F)cccc1OCC1CCCO1)C1CCN(c2ncnc3ccccc23)CC1,0.0,0.0,0.0
D00823,Q12959,Q12959,COc1cccc(CC2(C(=O)Nc3ncccc3N3CCN(C)CC3)CCS(=O)(=O)CC2)c1,0.08499999999999999,0.0,0.0
D0060F,W1XFS6,P10071,O=C(Cn1c(C2CCC2)nc2c(F)cccc21)NCC1(Cc2ccc(Cl)cc2)CCNCC1,0.0,0.0,0.0
D004BQ,W1YHW0,W1Y611,O=C(Cn1c(C2CCC2)nc2cccc(F)c21)N1CCC2(CC1)C(=O)Nc1ccc(Cl)cc12,0.0,0.0,0.0
D00086,Q15233,P00734,COc1ccccc1Cn1cnc(C(=O)NCC2(Cc3cccc(Cl)c3)CCNCC2)c1,0.15,0.0,0.0
D0041Q,Q15398,P00734,COc1ccc(F)cc1CN1CCC(NC(=O)CC2(c3ccc(Cl)cc3)CCNCC2)CC1,0.15,0.0,0.0
D007JT,Q01968,Q8N4B1,O=C(CC1(c2ccc(F)cc2)CCOCC1)NCC1CCN(C(=O)c2cccc(F)c2)CC1,0.0,0.05,0.0
D0020L,Q7L1I2,Q8N9I0,COc1ccccc1C1=NC2(CCN(C(=O)CC3(c4ccc(Cl)cc4)CCNCC3)CC2)C(=O)N1,0.0,0.0,0.0
D0024G,Q7L1I2,Q8N9I0,O=C(C1CCCN(c2ncnc3ccccc23)C1)N1CCC(c2c[nH]c3cc(F)ccc23)CC1,0.0,0.092,0.0
D006MN,Q96EP0,Q96BN8,O=C(N[C@H]1CC[C@H](NC(=O)c2ccccc2Br)CC1)c1cncc(N2CCCC2)c1,0.0,0.55,0.0
D003FZ,P04324,P20963,CN1CCC(COc2cccc(F)c2NC(=O)C2CCCN(c3ncnc4ccccc34)C2)CC1,0.0,0.1,0.0
D004N4,P80188,P81172,O=C(NCC1(Cc2ccccc2Br)CCOCC1)C1CCN(c2ccncn2)CC1,0.0,0.0,0.0
D002WF,A0A0N4UZK9,Q6PHR2,O=C1Nc2ccccc2CN1[C@@H]1CCCN(C(=O)C2(Cc3cccc(F)c3)CCC(F)(F)CC2)C1,0.0,0.31500000000000006,0.0
D004B5,O95166,P00734,O=C(NCC1CCN(C(=O)c2ccc(F)cc2)CC1)C1CCCN(c2ncnc3ccccc23)C1,0.03,0.0,0.0
D001MV,Q9H9A5,P26651,O=C(NC1CCN(Cc2cc(F)cc(F)c2)CC1)C1(Cc2cccc(F)c2)CCS(=O)(=O)CC1,0.0,0.0,0.0
D002GY,O43318,Q9HBH9,O=C(Cn1c(C2CCOCC2)nc2c(F)cccc21)N1CCC[C@H](N2Cc3ccccc3C2=O)C1,0.0,0.155,0.0
D003VE,A0A0N4UZK9,Q6PHR2,COc1ccc(C2(CC(=O)NC3CCN(CC(=O)c4ccccc4)CC3)CCOCC2)cc1,0.0,0.2,0.0
D0005M,P31947,P10636,COc1cccc(CC2(NC(=O)c3cc(C)n(-c4ccccc4OC)n3)CCS(=O)(=O)CC2)c1,0.0,0.0,0.0
D004H4,Q8TBZ3,O14686,O=C(C(c1ccc(F)cc1)N1CCNCC1)N1CCC2(CC1)N=C(c1ccc(F)cc1)NC2=O,0.0,0.525,0.0
D0044T,A0A0N4UZK9,Q6PHR2,Cc1ccccc1C1(CC(=O)N[C@H]2CC[C@H](N3Cc4c(F)cccc4C3=O)CC2)CCOCC1,0.0,0.29500000000000004,0.0
D002C6,W1YHW0,W1Y611,O=C(N[C@H]1CCN(Cc2ccccc2Br)C1)c1cncc(OCC2CCOCC2)n1,0.075,0.0,0.0
D0087B,P08709,P00734,COc1ccc(CC2(CN)CCN(C(=O)C3(c4cccc(Br)c4)CC3)CC2)cc1,0.0,0.0,0.0
D002IG,P02545,P35579,COc1ccccc1C1(C(=O)N2CCC(CN)(Cc3ccccc3Cl)CC2)CCOCC1,0.0,0.0,0.0
D007YK,W1XFS6,P10071,COc1ccc(CC2(C(=O)Nc3c(F)cccc3OCC3CCNCC3)CCNCC2)cc1,0.0,0.05,0.0
D00474,Q14289,P49023,O=C(C1CCN(c2ncnc3ccccc23)CC1)N1CCCC(N2Cc3ccccc3NC2=O)C1,0.0,0.635,0.0
D007E4,P17693,P68871,O=C(Cn1c(C2CCOCC2)nc2cc(F)ccc21)N1CCC(Oc2ncnc3ccccc23)CC1,0.0,0.075,0.0
D004NM,P06241,P0C6U5,NC1CCN(C(=O)c2ccccc2C(=O)NC2(Cc3ccccc3)CCC(F)(F)CC2)CC1,0.05,0.0,0.0
D007AI,P04746,P04746,Cc1ccccc1CN1CC[C@H](NC(=O)CC2(c3ccc(Br)cc3)CCNCC2)C1,0.0,0.0,0.0
D003OQ,P08709,P00734,COc1ccc2c(c1)CN(C1CCN(C(=O)C(c3ccccc3OC)N3CCNCC3)CC1)C2=O,0.1,0.0,0.0
D0097O,Q8N1F8,P07998,O=C(Cn1c(C2CCOCC2)nc2cc(F)ccc21)N[C@H]1CC[C@H](NC(=O)C2CCOCC2)CC1,0.06,0.0,0.0
D003MA,O43318,Q9HBH9,O=C(CC1(c2ccc(Br)cc2)CCNCC1)N[C@@H]1CCN(C2CCCCC2)C1,0.0,0.1,0.0
D0053L,Q01081,P26368,NCC1(Cc2cccc(Cl)c2)CCN(C(=O)CC2(c3ccccc3F)CCNCC2)CC1,0.0,0.735,0.0
D004JP,Q9NZ52,P20645,O=C(N[C@@H]1CCN(Cc2ccccc2Br)C1)c1cnccc1OCC1CCOCC1,0.0,0.1,0.0
D006M8,P62258,P58340,O=C(N[C@@H]1CCN(CC2CCCC2)C1)C1(Cc2cccc(Cl)c2)CCS(=O)(=O)CC1,0.0,0.197,0.0
D003YQ,O75553,P02649,Cc1nn(Cc2ccc(F)cc2)c(C)c1C(=O)N[C@H]1CC[C@H](N2Cc3c(F)cccc3C2=O)CC1,0.0,0.13,0.0
D0020O,Q00987,P00734,COc1ccc(C2(CC(=O)N3CCC4(CC3)OCc3ccc(Cl)cc34)CCOCC2)cc1,0.03,0.0,0.0
D0008T,P31946,P11233,O=C(CC1(c2ccc(Br)cc2)CCNCC1)N[C@@H]1CCN(Cc2ccccc2Cl)C1,0.0,0.545,0.0
D0016W,Q8TCX1,Q8TD19,O=C1c2c(F)cccc2CN1CC1CCN(C(=O)C2(Cc3ccccc3F)CCNCC2)CC1,0.0,0.05,0.0
D0036M,Q8TCX1,Q8TCX1,O=C(CC1(c2ccccc2F)CCNCC1)N[C@H]1CCN(Cc2ccc(Br)cc2)C1,0.0,0.0,0.0
D0008E,Q15233,P00734,COc1ccc2c(c1)CN(C1CCN(C(=O)c3ccc(OCC4CCOCC4)c(OC)c3)CC1)C2=O,0.09,0.0,0.0
D005TO,Q13588,P00734,O=C(O)c1ccc(CN2CCC(NC(=O)c3ccncc3OCC3CCOCC3)CC2)cc1,0.0,0.0,0.0
D001JK,O43318,Q9HBH9,O=C(NC1CCCN(C(=O)Cn2c(C3CCOCC3)nc3c(F)cccc32)C1)c1cccc(F)c1,0.0,0.242,0.0
D002EA,Q9H9A5,P26651,NCC1(Cc2ccccc2F)CCN(C(=O)Cn2c(C3CCOCC3)nc3cc(F)ccc32)CC1,0.0,0.2,0.0
D000SD,Q8TBZ3,Q15291,COc1ccc(S(=O)(=O)NC2CCN(C(=O)c3cc(F)c(OC4CCC4)c(F)c3)CC2)cc1,0.0,0.55,0.0
D00B1M,P31948,P11142,COc1ccccc1C1(C(=O)N2CCC(N3Cc4ccccc4NS3(=O)=O)CC2)CCC1,0.0,0.7500000000000001,0.0
D002XP,P08100,P63096,COc1cccc2c1NC(=O)C21CCN(C(=O)C2(Cc3ccccc3F)CCC(F)(F)CC2)CC1,0.0,0.155,0.0
D007K7,P54284,Q13698,O=C(CC1(c2ccc(Cl)cc2)CCNCC1)N1CCC[C@@H](N2Cc3cc(F)ccc3C2=O)C1,0.0,0.0,0.0
D000QC,O75553,P02649,COc1cccc(OC2CCCN(C(=O)C3(Cc4cccc(Cl)c4)CCS(=O)(=O)CC3)C2)n1,0.0,0.05,0.0
D0019R,O43752,Q9UID3,Cc1ccc2c(c1)COC21CCN(C(=O)CC2(c3cccc(Br)c3)CCNCC2)CC1,0.0,0.25,0.0
D0039X,Q9UBZ9,Q9UGP5,O=C1Nc2ccccc2CN1[C@H]1CCCN(C(=O)C2(Cc3cccc(F)c3)CCS(=O)(=O)CC2)C1,0.0,0.16999999999999998,0.0
D002N9,Q8N1F8,P07998,O=C(N[C@H]1CCCN(C(=O)C2(Cc3ccccc3F)CCC(F)(F)CC2)C1)c1ccccn1,0.08,0.0,0.0
D005NL,Q9BTE1,Q8N3C7,CC1(C)CC(=O)Nc2c(NC(=O)CC3(c4cccc(Br)c4)CCOCC3)cccc21,0.0,0.0,0.0
D001P7,P63096,P00734,NC1CCN(C(=O)c2cccc(C(=O)N[C@H]3CCCN(c4ncnc5ccccc45)C3)c2)CC1,0.1,0.0,0.0
D005N7,Q14974,P01106,COc1ccc(Cn2nc(C)c(C(=O)N3CCC[C@@H](N4Cc5cc(F)ccc5C4=O)C3)c2C)cc1,0.0,0.6599999999999999,0.0
D009NT,O00560,P00734,O=C(NC1CCN(Cc2ccc(Br)cc2)CC1)c1nccc(OCC2CCOCC2)n1,0.0,0.0,0.0
D004KK,P10275,Q9NX55,O=C1CCCCCN1c1cccc(CNC(=O)C2(Cc3cccc(Cl)c3)CCNCC2)c1,0.0,0.0,0.0
D001MB,P41273,P00734,Cc1ccccc1C1(CC(=O)N2CCC(CN3Cc4cccc(F)c4C3=O)CC2)CCOCC1,0.0,0.0,0.0
D007GG,Q12959,Q12959,Cc1ccc(C2(CC(=O)N3CCC4(CCN(Cc5ccccc5)CC4)CC3)CCNCC2)cc1,0.0,0.0,0.0
D002MI,P12493,P00734,O=C(Cn1c(C2CC2)nc2c(F)cccc21)N1CCC(CN2Cc3ccc(F)cc3C2=O)CC1,0.0,0.0,0.0
D0073J,P04324,P20963,O=C(c1cnc(=O)n(CC2CCC2)c1)N1CCOC2(C1)CN(C(c1ccccc1)c1ccccc1)C2,0.0,0.0,0.0
D007B3,Q8TCX1,Q8TCX1,COc1cccc(C2=NC3(CCN(C(=O)C4(Cc5cccnc5)CCNCC4)CC3)C(=O)N2)c1,0.0,0.0,0.0
D008TJ,P38398,P00734,O=C(NC1(Cc2ccc(F)cc2)CCS(=O)(=O)CC1)C1(c2cccc(Cl)c2)CCNCC1,0.05,0.0,0.0
D007EH,P12493,P00734,COc1ccc(C2(CC(=O)N3CCC(CN)(Cc4ccccc4Cl)CC3)CCNCC2)cc1,0.0,0.01,0.0
D002WQ,W1YHW0,W1Y611,Cc1nn(Cc2ccc(F)cc2)c(C)c1C(=O)N1CC2(CCOCC2)Cc2cc(F)ccc21,0.1,0.0,0.0
D0073A,Q15398,P00734,O=C(c1cccn(C2CCC2)c1=O)N1CCOC2(C1)CN(C(c1ccccc1)c1ccccc1)C2,0.0,0.015,0.0
D001V9,P17693,P68871,COc1cccc(CC2(CNC(=O)Cn3c(C4CCOCC4)nc4c(F)cccc43)CCNCC2)c1,0.0,0.0,0.0
D007VF,Q8NI08,Q9NPJ4,NCC1(Cc2ccc(Cl)cc2)CCN(C(=O)C2(Cc3ccccc3F)CCNCC2)CC1,0.0,0.2,0.0
D0057C,P04746,P04746,O=C(CC1(c2ccc(Cl)cc2)CCNCC1)NCc1cc(OCC2CCOCC2)ncn1,0.0,0.0,0.0
D001E7,P10275,Q9NX55,O=C(CC1(c2cccc(Br)c2)CCNCC1)N1CCC(c2c[nH]c3cccc(F)c23)C1,0.0,0.0,0.0
D006OV,Q92526,Q9NP78,O=C(CC1(c2cccc(Br)c2)CCNCC1)N1CCN(c2ccncc2Cl)CC1,0.0,0.05,0.0
D001HF,Q8N3C7,Q9P270,O=C(NC1CCN(C(=O)c2ccc(Br)cc2)CC1)C1CCCN(c2ccncn2)C1,0.015,0.0,0.0
D00018,P08100,P63096,NC1CCN(Cc2cccc(C(=O)N3CCC4(CC3)C(=O)Nc3cc(Br)ccc34)c2)CC1,0.0,0.29500000000000004,0.0
D0013B,Q18PE1,O15146,O=C(c1cn(-c2cccc(Br)c2)cn1)N1CCC(N2CCCCS2(=O)=O)CC1,0.0,0.2,0.0
D0020A,P63096,P00734,COc1ccccc1C1(CC(=O)N2CCC(N3Cc4ccccc4NC3=O)CC2)CCNCC1,0.0,0.0,0.0
D009OY,Q08289,Q13936,COc1cccc(CC2(CNC(=O)c3c(C)nn(Cc4cccc(C)c4)c3C)CCNCC2)c1,0.0,0.325,0.0
D002R8,Q15398,P00734,O=C(O)c1ccc(C(=O)N2CCC(NC(=O)C3(Cc4ccc(Cl)cc4)CCOCC3)CC2)cc1,0.13999999999999999,0.0,0.0
D002B5,P08100,P63096,O=C(Nc1ccc(F)cc1)NC1CCN(C(=O)C2(c3ccc(Br)cc3)CCC2)CC1,0.0,0.4119999999999999,0.0
D0015J,Q8TBZ3,Q15291,COc1ccccc1C1(C(=O)NC2CCN(Cc3ccc(C(=O)O)cc3)CC2)CCOCC1,0.0,0.595,0.0
D0066W,P24941,P60953,COc1ccc(CC2(NC(=O)CC3(c4cccc(Br)c4)CCNCC3)CC2)cc1,0.0,0.325,0.0
D007FN,P07359,P00734,COc1cccc(C2(CC(=O)N3CCC4(CC3)COc3ccc(OC)cc34)CCNCC2)c1,0.19,0.0,0.0
D0094Z,P08709,P00734,CCn1nc(-c2ccccc2)cc1NC(=O)C1(Cc2ccc(OC)cc2)CCS(=O)(=O)CC1,0.19,0.0,0.0
D008YN,Q8TCX1,Q8TCX1,O=C(NCC1(c2ccccc2Cl)CCNCC1)c1cnc2cc(C3CCOCC3)nn2c1,0.0,0.0,0.0
D0015C,Q9NZ52,P20645,O=C(O)c1ccc(C(=O)NC2CCN(C(=O)C3(c4ccc(F)cc4)CCNCC3)CC2)cc1,0.095,0.0,0.0
D005O3,Q9BYF1,Q14203,O=C(Cn1c(=O)[nH]c2cccc(F)c21)NCC1(Cc2ccc(Br)cc2)CCOCC1,0.0,0.0,0.0
D005PD,P17693,P68871,COc1ccc(CC2(C(=O)N[C@@H]3CCN(Cc4cccc(F)c4)C3)CCS(=O)(=O)CC2)cc1,0.25,0.0,0.0
D004IX,Q00987,P00734,O=C(CC1(c2ccc(Br)cc2)CCOCC1)N1CCC(c2c[nH]c3ccc(F)cc23)C1,0.0,0.0,0.0
D003N4,Q16548,Q16611,COc1cccc(CC2(CN)CCN(C(=O)c3ccc(C(=O)NC4CCNCC4)cc3)CC2)c1,0.0,0.351,0.0
D007H5,P08709,P00734,COc1ccc(CC2(C(=O)N[C@@H]3CCN(Cc4ccccc4Br)C3)CCNCC2)cc1,0.0,0.0,0.0
D0036C,Q12959,Q12959,O=C(c1cncc(OC2COC2)c1)N1CCOC2(C1)CN(C(c1ccccc1)c1ccccc1)C2,0.0,0.0,0.0
D0093Z,M4M097,P05877,COc1cccc(CC2(CN)CCN(C(=O)Cn3c(C4CCOCC4)nc4cccc(F)c43)CC2)c1,0.05,0.0,0.0
D008YQ,K1RT91,P00734,NC1CCN(C(=O)c2cccc(C(=O)N3CC4(CCOCC4)Cc4cc(F)ccc43)c2)CC1,0.0,0.0,0.0
D0088B,P54284,Q13698,O=C(CC1(c2cccc(Cl)c2)CCOCC1)N1CCCC(N2Cc3cc(F)ccc3C2=O)C1,0.0,0.0,0.0
D0052V,P48444,O43264,O=C(c1cnn(CC2CCN(Cc3ccccc3)CC2)c1)N1CCC(c2c[nH]c3cccc(F)c23)C1,0.05,0.0,0.0
D0032Z,O15392,Q9P0J0,O=C1c2c(F)cccc2CN1CC1CCN(C(=O)C2(Cc3cccnc3)CCOCC2)CC1,0.0,0.05,0.0
D0063I,Q15398,P00734,COc1cccc(C2(CNC(=O)Cn3c(C4CCOCC4)nc4cc(F)ccc43)CCOCC2)c1,0.05,0.0,0.0
D000GN,P10275,Q9NX55,O=C(NCC1(Cc2ccc(Cl)cc2)CCNCC1)C1(Cc2cccc(Cl)c2)CCNCC1,0.05,0.0,0.0
D000D2,O15151,P04637,NC1CCN(C(=O)c2ccc(C(=O)N3CCCC(N4Cc5ccc(F)cc5C4=O)C3)cc2)CC1,0.0,0.7849999999999999,0.0
D001JS,Q8N3C7,Q9P270,COc1ccc(CC2(C(=O)NC3CCN(Cc4ccccc4C(=O)O)CC3)CCOCC2)cc1,0.0,0.05,0.0
D002B1,K1RT91,P00734,NC1CCN(C(=O)c2ccc(C(=O)N3CCC[C@H](N4Cc5cc(F)ccc5C4=O)C3)cc2)CC1,0.13999999999999999,0.0,0.0
D0021H,Q00987,P00734,O=C(Cn1c(C2CCOCC2)nc2cc(F)ccc21)N1CCCC(c2nnc(C3CCC3)o2)C1,0.0,0.0,0.0
D006G4,Q6P2P2,O14929,COc1ccccc1C1(CC(=O)N2CCC3(CC2)OCc2c(Cl)cccc23)CCOCC1,0.05,0.0,0.0
D003T5,Q8NI08,Q9NPJ4,O=C1NC(c2ccccc2)=NC12CCN(C(=O)C1(c3ccc(Br)cc3)CCC1)CC2,0.0,0.205,0.0
D0084J,Q8TBZ3,Q15291,O=C(Cn1c(C2CCC2)nc2c(F)cccc21)N1CCC(N2Cc3ccc(F)cc3C2=O)CC1,0.0,0.6199999999999999,0.0
D000NM,Q15398,P00734,O=C(c1ccnc(OCC2CCOCC2)n1)N1CCC[C@@H](N2Cc3c(F)cccc3C2=O)C1,0.0,0.0,0.0
D001FI,W1YHW0,W1Y611,O=C(NC1CCN(C(=O)C2(Cc3ccc(F)cc3)CC2)CC1)c1ccccc1Br,0.0,0.0,0.0
D0042P,Q9BTE1,Q8N3C7,Cc1cc(NC(=O)C2CCCN(c3cnccn3)C2)n(CC2CCN(Cc3ccccc3)CC2)n1,0.0,0.142,0.0
D007KQ,Q13285,Q15466,CC(C)S(=O)(=O)NC1CCN(C(=O)CC2(c3ccc(Br)cc3)CCNCC2)CC1,0.0,0.29500000000000004,0.0
D007KK,P04324,P20963,COc1ccccc1C1(CC(=O)N2CCC(CN3Cc4cccc(F)c4C3=O)CC2)CCNCC1,0.0,0.092,0.0
D005DP,Q9H492,Q9BQS8,COc1ccccc1C(=O)NC1CCN(C(=O)C2(c3ccc(Br)cc3)CC2)CC1,0.0,0.425,0.0
D003L2,P12493,P00734,O=C(N[C@H]1CCCN(C(=O)C2CCCN(c3ncnc4ccccc34)C2)C1)c1ccc(F)cc1,0.075,0.0,0.0
D001XJ,P17693,P68871,O=C(Cn1c(C2CCOCC2)nc2ccc(F)cc21)N1CCCC(Oc2ccc(F)cn2)C1,0.05,0.0,0.0
D002RW,O43318,Q9HBH9,COc1ccc(C2(CC(=O)N3CCCC(Oc4nc(C)cc(OC)n4)C3)CCNCC2)cc1,0.0,0.15,0.0
D005SC,A6NCE7,Q9BQS8,O=C(NC1CCCCC1)NC1CCN(C(=O)Cn2c(C3CCC3)nc3c(F)cccc32)CC1,0.0,0.145,0.0
D0008N,Q00987,P00734,Cc1ccccc1C1(CC(=O)N2CCC3(CC2)C(=O)Nc2cc(Br)ccc23)CCOCC1,0.0,0.0,0.0
D004H0,P31947,P10636,Cc1cc(NC(=O)c2ccc(N3CCCOC3=O)cc2)n(CC2CCN(Cc3ccccc3)CC2)n1,0.0,0.0,0.0
D002FG,Q18PE1,O15146,COc1ccc2c(c1)CN(C1CCN(C(=O)CC3(c4ccccc4F)CCNCC3)CC1)C2=O,0.0,0.1,0.0
D003QT,P98170,P55211,O=C(NCC1CCN(Cc2cccc(Br)c2)CC1)C1(Cc2ccccn2)CCOCC1,0.0,0.515,0.0
D009HD,O75553,P02649,Cc1nn(Cc2ccccc2F)c(C)c1C(=O)NC1(Cc2ccccc2Cl)CCNCC1,0.0,0.15,0.0
D001C9,P08709,P00734,NC1CCN(Cc2ccccc2C(=O)NCC2(c3ccccc3Br)CCOCC2)CC1,0.0,0.0,0.0
D002EX,P63096,P00734,O=C(N[C@@H]1CCN(Cc2cccc(Cl)c2)C1)C1(Cc2ccccc2Cl)CCS(=O)(=O)CC1,0.0,0.0,0.0
D000L4,P62258,P58340,NC1CCN(C(=O)c2cccc(C(=O)NC3CCN(C(=O)c4cccc(C(=O)O)c4)CC3)c2)CC1,0.0,0.257,0.0
D003KM,Q14289,P49023,COc1ccc(CC2(C(=O)N3CCN(Cc4ccccc4F)CC3)CCS(=O)(=O)CC2)cc1,0.0,0.525,0.0
D002FH,O15392,Q9P0J0,Cc1ccccc1C1(CC(=O)N[C@H]2CC[C@H](N3Cc4ccc(F)cc4C3=O)CC2)CCNCC1,0.0,0.05500000000000001,0.0
D009IY,O00560,P00734,CC(C)c1nc(C2CCCCN2C(=O)C2(Cc3ccc(Cl)cc3)CCS(=O)(=O)CC2)no1,0.015,0.0,0.0
D000B6,O95166,Q86V97,O=C(Cn1c(C2CCOCC2)nc2cc(F)ccc21)NCC1CCN(C(=O)c2ccccc2F)CC1,0.05,0.0,0.0
D000R8,Q9H2K2,Q07820,NCC1(Cc2ccc(Cl)cc2)CCN(C(=O)CC2(c3ccccc3Cl)CCOCC2)CC1,0.0,0.05,0.0
D000ZD,Q8TCX1,Q8TCX1,COc1cccc(C2=NC3(CCN(C(=O)C4(Cc5ccccc5)CCNCC4)CC3)C(=O)N2)c1,0.05,0.0,0.0
D005NS,Q9BTE1,Q8N3C7,O=C(NC1CCN(C(=O)c2cccc(Br)c2)CC1)c1nccnc1OC1CCC1,0.0,0.091,0.0
D005RK,P53675,Q13492,O=C(CC1(c2ccc(Br)cc2)CCOCC1)N1CCCC(c2nc(C3CCC3)no2)C1,0.0,0.422,0.0
D007DU,Q15388,P30837,O=C(c1ccc(N2CCCCCC2=O)cc1)N1CCC(N2Cc3ccccc3NS2(=O)=O)CC1,0.0,0.0,0.0
D0062V,P31948,P11142,O=C(NCC1(Cc2cccc(Br)c2)CCOCC1)c1ccc(N2CCCCC2)cn1,0.0,0.745,0.0
D0069Z,P31751,P49841,O=C(Nc1cccc(CN2CCOCC2)c1)c1cccc(S(=O)(=O)NC2CCNCC2)c1,0.0,0.77,0.0
D00239,Q9H9A5,P26651,COc1ccccc1C1(CC(=O)N2CCC3(CC2)OCc2ccc(Cl)cc23)CCNCC1,0.0,0.145,0.0
D005VE,Q18PE1,O15146,CC(C)C1=NC2(CCN(C(=O)CC3(c4cccc(Br)c4)CCNCC3)CC2)C(=O)N1,0.0,0.195,0.0
D00838,Q8TCX1,Q8TCX1,O=C(N1CCC2(CC1)C(=O)Nc1ccc(Br)cc12)C1(CC2CCC2)CCNCC1,0.0,0.0,0.0
D000MF,P31948,P11142,Cc1ccc(C2(CC(=O)N3CCC[C@H](N4Cc5cc(F)ccc5C4=O)C3)CCNCC2)cc1,0.0,0.77,0.0
D005WY,O95166,Q86V97,O=C(N1CCC2(CCN(Cc3ccccc3)CC2)CC1)C1(Cc2cccc(Cl)c2)CCOCC1,0.05,0.0,0.0
D0093E,O00560,P00734,COc1ccc(CN2CC[C@@H](NC(=O)Cn3c(C4CCOCC4)nc4ccc(F)cc43)C2)cc1,0.05,0.0,0.0
D000TW,P52294,Q09161,N[C@H]1CC[C@H](NCc2ccc(C(=O)N[C@H]3CC[C@H](N4Cc5ccc(F)cc5C4=O)CC3)cc2)CC1,0.0,0.244,0.0
D0070N,W1WL99,Q9Y399,CC(C)(C)CC(=O)NC1CCN(C(=O)c2cn(Cc3ccc(Br)cc3)cn2)CC1,0.0,0.0,0.0
D004JA,Q8TCX1,Q8TCX1,COc1cc(C(=O)NCc2cccc(N3CCCCS3(=O)=O)c2)ccc1OCC1CCOCC1,0.0,0.15,0.0
D003C0,Q8N1F8,P07998,O=C(N1CC[C@H](N2Cc3ccccc3NS2(=O)=O)C1)C1(Cc2ccccc2)CCOCC1,0.0,0.0,0.0
D00091,Q15691,Q03001,COc1ccc(C2(CNC(=O)C3(Cc4ccccc4OC)CCNCC3)CCNCC2)cc1,0.11000000000000001,0.0,0.0
D0003I,A6NCE7,Q9BQS8,O=C(c1cnc(OC2CCOCC2)nc1)N1CCC[C@@H](N2Cc3ccccc3NS2(=O)=O)C1,0.0,0.354,0.0
D00911,Q14974,P01106,Cc1ccc(Cn2nc(C)c(C(=O)N3CCC(CN)(c4ccc(Cl)cc4)CC3)c2C)cc1,0.0,0.6940000000000001,0.0
D00172,Q15691,Q03001,O=C(NCC1(c2cccc(Cl)c2)CCNCC1)C1(Cc2cccc(Cl)c2)CCNCC1,0.0,0.0,0.0
D008YO,Q12959,Q12959,COc1ccc(Cn2ccnc2C(=O)NCC2CCN(Cc3ccc(Cl)cc3)CC2)cc1,0.0,0.0,0.0
D0035G,P04632,P20810,COc1cccc(CC2(CN)CCN(C(=O)c3cnn(Cc4ccccc4Br)c3)CC2)c1,0.0,0.72,0.0
D009K3,O15392,Q9P0J0,O=C(NC1(c2cccc(Cl)c2)CCC(F)(F)CC1)c1cnc2cc(C3CCOCC3)nn2c1,0.0,0.065,0.0
D003QW,O00560,P00734,O=C(O)c1cccc(C(=O)NC2CCN(C(=O)c3cccc(OCC4CCOCC4)n3)CC2)c1,0.15,0.0,0.0
D001YJ,Q00987,P00734,O=C(CC1(c2ccccc2Cl)CCOCC1)N1CCC2(CC1)C(=O)Nc1cc(Cl)ccc12,0.05,0.0,0.0
D003EV,P53675,Q13492,O=C(O)c1ccc(C(=O)NC2CCN(C(=O)Cn3c(C4CC4)nc4c(F)cccc43)CC2)cc1,0.0,0.43600000000000005,0.0
D008UX,O43752,Q9UID3,O=C(Nc1c(F)cccc1N1CCNCC1)c1cnn(CC2CCN(Cc3ccccc3)CC2)c1,0.0,0.2,0.0
D000EA,Q16611,A8MW95,NC1CCN(C(=O)c2ccc(C(=O)N3CCC4(CC3)COc3cccc(Cl)c34)cc2)CC1,0.28500000000000003,0.0,0.0
D002VK,P02545,P35579,COc1ccc(CC2(CN)CCN(C(=O)C3(c4ccc(OC)cn4)CCOCC3)CC2)cc1,0.05,0.0,0.0
D001K3,P02545,P35579,O=C(Cn1c(C2CCOCC2)nc2cccc(F)c21)NC1(Cc2ccccc2)CCOCC1,0.02,0.0,0.0
D001PY,Q8NI08,Q9NPJ4,CC1(C)NC(=O)Nc2ccc(NC(=O)C3(c4ccc(Br)cc4)CCOCC3)cc21,0.0,0.27599999999999997,0.0
D001TP,P63096,P00734,O=C(CC1(c2ccc(Cl)cc2)CCNCC1)N1CC[C@H](N2Cc3c(F)cccc3C2=O)C1,0.15,0.0,0.0
D0009V,P10275,Q9NX55,COCCOc1ccc(C(=O)N2CC[C@@H](N3Cc4ccccc4NS3(=O)=O)C2)cc1OC,0.0,0.0,0.0
D0049D,Q15388,P30837,NCC1(Cc2cccnc2)CCN(C(=O)Cn2c(C3CCOCC3)nc3cc(F)ccc32)CC1,0.0,0.0,0.0
D0029H,P17693,P68871,O=C(O)c1ccc(C(=O)N2CCC(NC(=O)C3CCCN(c4ncnc5ccccc45)C3)CC2)cc1,0.0,0.0,0.0
D0009A,Q15691,Q03001,COc1ccccc1C1(CC(=O)N2CCC[C@H](N3Cc4ccccc4NC3=O)C2)CCNCC1,0.0,0.0,0.0
D008FH,P08709,P00734,COc1ccc(CC2(C(=O)NC3(Cc4cccc(Cl)c4)CCNCC3)CCNCC2)cc1,0.1,0.0,0.0
D001GN,Q9H9A5,P26651,O=C(N[C@H]1CCN(Cc2cccc(F)c2)C1)C1(Cc2ccc(F)cc2)CCS(=O)(=O)CC1,0.0,0.19,0.0
D000QT,P53675,Q13492,CC(C)(C)c1cc2ncc(C(=O)NCC3(Cc4cccc(Br)c4)CCOCC3)cn2n1,0.0,0.42200000000000004,0.0
D005RM,P31948,P11142,O=C(c1ccnc(OC2CCC2)n1)N1CCC2(CC1)C(=O)Nc1cccc(Br)c12,0.0,0.76,0.0
D0099R,Q99816,Q5XX06,CC(C)c1nnc(C2CCCN(C(=O)Cn3c(C4CCOCC4)nc4cc(F)ccc43)C2)o1,0.0,0.05,0.0
D00023,A0A0N4UZK9,Q6PHR2,O=C(Cn1c(=O)[nH]c2c(F)cccc21)NCC1CCN(Cc2cccc(Br)c2)CC1,0.0,0.3,0.0
D005NR,Q9NZ52,P20645,COc1cccc(C2(CC(=O)N3CCC[C@H](N4Cc5cc(F)ccc5C4=O)C3)CCNCC2)c1,0.0,0.25,0.0
D007F1,P12493,P00734,Cc1cccc(C2(CC(=O)N3CCCC(N4Cc5cccc(F)c5C4=O)C3)CCNCC2)c1,0.0,0.0,0.0
D005W7,W1XFS6,P10071,CC(C)(C)c1nnc2ccc(C(=O)N3CCC[C@@H](N4Cc5ccccc5NS4(=O)=O)C3)cn12,0.0,0.0,0.0
D007MG,P07359,P00734,Cc1cccc2c1OCC21CCN(C(=O)C2(c3cccc(Br)c3)CCOCC2)CC1,0.01,0.0,0.0
D009GU,W1XFS6,P10071,O=C(c1cnccc1N1CCOCC1)N1CCC(N2Cc3ccccc3NS2(=O)=O)CC1,0.1,0.0,0.0
D008N0,P48444,O43264,O=C(Nc1cc(F)c(OCC2CCOCC2)c(F)c1)c1ccc2nnc(C3CCOCC3)n2c1,0.0,0.0,0.0
D004IK,P63010,P01130,O=C(c1ccc(N2CCCCCC2=O)cc1)N1CCC[C@H](N2Cc3ccccc3NS2(=O)=O)C1,0.0,0.572,0.0
D001Y7,P12493,P00734,COc1ccc2c(c1)COC21CCN(C(=O)C2(Cc3ccc(F)cc3)CCS(=O)(=O)CC2)CC1,0.0,0.0,0.0
D006XU,P27487,P01303,O=C(c1ncccc1N1CCOCC1)N1CCOC2(C1)CN(C(c1ccccc1)c1ccccc1)C2,0.0,0.05,0.0
D0012I,Q18PE1,O15146,COc1ccc(C2(CC(=O)N3CCC[C@@H](N4Cc5ccccc5NS4(=O)=O)C3)CCC2)cc1,0.0,0.0,0.0
D003E4,P20248,P00734,COc1ccccc1C(=O)NC1CCN(C(=O)c2cccc(CN3CCC(N)CC3)c2)CC1,0.0,0.0,0.0
D003BA,P02545,P35579,O=C(N[C@@H]1CCN(Cc2cccc(Br)c2)C1)C1(c2ccccc2Cl)CCNCC1,0.0,0.05,0.0
D0031F,O00463,P19438,O=C(c1cn(Cc2ccc(Br)cc2)cn1)N1CCC2(CC1)N=C(C1CCC1)NC2=O,0.0,0.445,0.0
D002IR,M4M097,P05877,O=C(N[C@H]1CCCN(C(=O)c2cccn3c(C4CCOCC4)nnc23)C1)c1ccc(F)cc1,0.0,0.0,0.0
D009JQ,O95166,Q86V97,O=C(C1CCCN(c2ncnc3ccccc23)C1)N1CCC2(CC1)Cc1cc(F)ccc1NC2=O,0.0,0.1,0.0
D0037K,P54284,Q13698,COc1ccc(CC2(C(=O)Nc3cccnc3NCC3CCNCC3)CCS(=O)(=O)CC2)cc1,0.0,0.0,0.0
D004I6,P62258,P58340,COc1ccc(C2=NC3(CCN(C(=O)c4cccc(C(=O)N5CCC(N)CC5)c4)CC3)C(=O)N2)cc1,0.0,0.092,0.0
D000NW,Q15398,P00734,O=C(CC1(c2cccc(Br)c2)CCNCC1)N1CCCCC1c1nc(C2CC2)no1,0.05,0.0,0.0
D0077K,P31947,P10636,CN1CCN(c2ccncc2C(=O)N2CCC(NC(=O)c3cccc(C(=O)O)c3)CC2)CC1,0.0,0.0,0.0
D0004S,P38398,P00734,COc1cc(C(=O)N2CCC3(CC2)C(=O)Nc2c(Cl)cccc23)ccc1OC1CCOCC1,0.095,0.0,0.0
D005QL,P38398,P00734,COc1ccccc1CC1(NC(=O)Cn2c(C3CCOCC3)nc3c(F)cccc32)CCOCC1,0.0,0.0,0.0
D006XB,Q92526,Q9NP78,O=C1c2cc(F)ccc2CN1C1CCCN(C(=O)C2(c3cccc(Cl)c3)CCNCC2)C1,0.05,0.0,0.0
D00797,Q15691,Q03001,O=C1Nc2ccccc2CN1[C@@H]1CCCN(C(=O)C2(Cc3ccccc3F)CCOCC2)C1,0.0,0.05,0.0
D003H7,Q15233,P00734,O=C(NCC1(Cc2ccc(F)cc2)CCC1)C1(Cc2ccccc2F)CCS(=O)(=O)CC1,0.0,0.0,0.0
D0091S,Q08289,Q13936,O=C(NC1(Cc2ccccc2Cl)CCS(=O)(=O)CC1)c1ccc(N2CCOCC2=O)cc1,0.0,0.48,0.0
D004LB,P38398,P00734,COc1ccc(F)c(CN2CCC(NC(=O)c3cccc(OCC4CCOCC4)n3)CC2)c1,0.05,0.0,0.0
D001JG,Q8N3C7,Q9P270,CC1(C)CC(=O)Nc2c(NC(=O)C3(Cc4ccccc4Br)CCOCC3)cccc21,0.0,0.0,0.0
D0069W,Q9H2K2,Q07820,CN1C(=O)NCc2cc(NC(=O)CC3(c4ccc(Br)cc4)CCNCC3)ccc21,0.0,0.13999999999999999,0.0
D003BQ,P63096,P00734,COc1ccccc1CC1(NC(=O)c2ccc(C(=O)NC3CCNCC3)cc2)CCS(=O)(=O)CC1,0.0,0.0,0.0
D00979,Q9H2K2,Q07820,O=C(NCC1CCN(Cc2ccc(Br)cc2)CC1)c1ccncc1N1CCCC1,0.0,0.05,0.0
D002NN,P17693,P68871,NCC1(Cc2cccc(F)c2)CCN(C(=O)Cn2c(C3CCOCC3)nc3cc(F)ccc32)CC1,0.0,0.0,0.0
D008S7,O95166,P00734,O=C(O)c1cccc(S(=O)(=O)NC2CCN(C(=O)c3cc4n(n3)CC(F)(F)CO4)CC2)c1,0.0,0.0,0.0
D005X8,P52294,Q09161,O=C(c1ccc(S(=O)(=O)NC2CCNCC2)cc1)N1CCCCn2c(-c3ccccn3)nnc21,0.0,0.292,0.0
D000W0,O00463,P19438,O=C(N[C@H]1CC[C@H](N2Cc3c(F)cccc3C2=O)CC1)c1cccc(CNC2CCNCC2)c1,0.0,0.47000000000000003,0.0
D005YD,P20248,P00734,Cc1ccc(Cn2nc(C)c(C(=O)NCC3CCN(C(=O)c4ccc(F)cc4)CC3)c2C)cc1,0.0,0.0,0.0
D005AO,P04746,P04746,COc1ccccc1CNC1CCN(C(=O)C2CCN(c3ncnc4ccccc34)CC2)CC1,0.0,0.0,0.0
D006YB,Q8WTS6,Q8WTS6,COc1ccc2[nH]c(C(=O)N[C@H]3CC[C@H](NCc4ccccc4Br)CC3)nc2c1,0.0,0.25,0.0
D006PJ,O00560,P00734,COc1ccccc1C1(C(=O)Nc2cc(-c3ccccc3)nn2C2CCN(C(C)=O)CC2)CCC1,0.1,0.0,0.0
D0023W,Q13285,Q15466,O=C(Nc1ccccc1NCC1CCNCC1)C1(Cc2cccc(F)c2)CCS(=O)(=O)CC1,0.0,0.315,0.0
D003UO,O00560,P00734,N[C@@H]1CCN(c2ccc(NC(=O)C3(Cc4ccccc4Br)CCOCC3)cn2)C1,0.05,0.0,0.0
D002MC,Q15388,P30837,COc1cccc(CC2(CNC(=O)C3(Cc4ccccc4OC)CCS(=O)(=O)CC3)CC2)c1,0.0,0.0,0.0
D000CZ,P02545,P35579,NC1CCN(C(=O)c2cccc(C(=O)N3CC[C@H](N4Cc5ccc(F)cc5C4=O)C3)c2)CC1,0.0,0.0,0.0
D001AV,P63010,P01130,COc1ccccc1C1(C(=O)N2CCOC3(C2)CN(C(c2ccccc2)c2ccccc2)C3)CC1,0.0,0.679,0.0
D00240,Q14289,P49023,O=C(CC1(c2ccc(Br)cc2)CCC1)NCC1CCN(C(=O)c2cccnc2)CC1,0.0,0.55,0.0
D007FJ,Q15388,P30837,Cc1nn(Cc2ccc(F)cc2)c(C)c1C(=O)N1CCC(CN2Cc3ccc(F)cc3C2=O)CC1,0.05,0.0,0.0
D003WS,Q9NZ52,P20645,O=C(CC1(c2cccc(Br)c2)CCC1)N1CCC2(CC1)Cc1ccc(F)cc1NC2=O,0.0,0.1,0.0
D000PU,Q15691,Q03001,O=C(NCC1(c2ccc(Cl)cc2)CCNCC1)C1(Cc2cccc(Cl)c2)CCNCC1,0.0,0.0,0.0
D007FB,O75553,P05067,O=C(CC1(c2cccc(Br)c2)CCNCC1)N1CCC[C@H](N2Cc3ccccc3C2=O)C1,0.0,0.0,0.0
D005NW,Q9H2K2,Q07820,COc1cccc(-n2nc(C)c(C(=O)N3CCC[C@@H](N4Cc5ccccc5NS4(=O)=O)C3)c2C)c1,0.0,0.1,0.0
D000PW,P31947,P10636,Cc1cc(C(=O)N2CCOC3(C2)CN(C(c2ccccc2)c2ccccc2)C3)n(CC2CC2)n1,0.0,0.0,0.0
D000Y5,O95271,O15169,COc1ccc(C2(C(=O)N3CCC[C@@H](N4Cc5ccccc5NS4(=O)=O)C3)CCC2)cc1,0.0,0.74,0.0
D0047R,Q16548,Q16611,COc1ccc(CC2(CN)CCN(C(=O)CC3(c4cccc(OC)c4)CCNCC3)CC2)cc1,0.0,0.425,0.0
D009LX,Q99816,Q5XX06,COc1cc(CNC(=O)C2(c3ccccc3OC)CCNCC2)ccc1OCC1CCOCC1,0.05,0.0,0.0
D003YW,Q8TBZ3,Q15291,NC1CCN(C(=O)c2ccc(C(=O)N3CCC[C@H](N4Cc5ccccc5NS4(=O)=O)C3)cc2)CC1,0.0,0.607,0.0
D006VH,Q9BYF1,Q14203,O=C(N1CC[C@H](N2Cc3ccccc3NS2(=O)=O)C1)C1(c2cccc(F)c2)CCOCC1,0.05,0.0,0.0
D006XJ,Q9NP77,Q9NP77,COc1ccccc1C1(CC(=O)N2CCC(NCc3ccc(C)cc3F)CC2)CCNCC1,0.1,0.0,0.0
D00AH2,P12004,Q9UGP5,NC1CCN(c2ncccc2NC(=O)CC2(c3cccc(Br)c3)CCNCC2)CC1,0.0,0.24699999999999997,0.0
D006BB,P09651,P42858,COc1ccccc1C1(CC(=O)NCc2ccnc(N3CCCS3(=O)=O)c2)CCNCC1,0.05,0.0,0.0
D003AR,P41273,P00734,Cc1cc(C(=O)N2CCOC3(C2)CN(C(c2ccccc2)c2ccccc2)C3)n(CC2CCC2)n1,0.1,0.0,0.0
D003X1,Q14289,P49023,N[C@H]1CC[C@H](NCc2cccc(C(=O)N3CCC[C@@H](N4Cc5cc(F)ccc5C4=O)C3)c2)CC1,0.0,0.537,0.0
D004M4,Q8TBZ3,Q15291,COc1ccc2c(c1)C(=O)N(C1CCN(C(=O)c3cnccc3OCC3CCOCC3)CC1)C2,0.0,0.5399999999999999,0.0
D0057I,Q01081,P26368,O=C(N1CCC[C@H](NCc2cccc(F)c2)C1)C1(Cc2cccc(F)c2)CCS(=O)(=O)CC1,0.0,0.731,0.0
D004KY,Q8N1F8,P07998,O=C(N[C@H]1CC[C@H](NC(=O)C2(c3ccccc3Br)CCC2)CC1)c1ccccn1,0.0,0.0,0.0
D005VS,W1XFS6,P10071,O=C(Cn1c(C2CCC2)nc2cccc(F)c21)N1CCC2(CC1)C(=O)Nc1cc(F)ccc12,0.1,0.0,0.0
D007Z8,O95166,P00734,COc1cccc(CC(C)(C)C(=O)N2CCC(NS(=O)(=O)c3ccc(C(=O)O)cc3)CC2)c1,0.0,0.0,0.0
D003LY,P07359,P00734,O=C(CC1(c2ccc(Br)cc2)CCNCC1)N[C@H]1CCN(c2ncnc3ccccc23)C1,0.0,0.0,0.0
D000OH,P31751,P49841,CN1C(=O)NCc2cc(NC(=O)CC3(c4cccc(Br)c4)CCOCC3)ccc21,0.0,0.7299999999999999,0.0
D008SQ,P08709,P00734,COc1ccc(CC2(C(=O)N3CCC(NC(=O)c4cccc(C(=O)O)c4)CC3)CCOCC2)cc1,0.0,0.0,0.0
D0073X,P04746,P04746,COc1cccc(CC2(NC(=O)c3cc(F)c(OCC4CCOCC4)c(F)c3)CCNCC2)c1,0.12,0.0,0.0
D002YB,Q13285,Q15466,COc1ccccc1CC1(CN)CCN(C(=O)C2(c3ncccc3OC)CCOCC2)CC1,0.0,0.3,0.0
D0093Q,P24941,P60953,CC(C)(C)c1nnc(C2CCCN(C(=O)c3cnn(CC4CCN(Cc5ccccc5)CC4)c3)C2)o1,0.0,0.38,0.0
D009DF,P52294,Q09161,O=C(NCC1(Cc2cccnc2)CCC(F)(F)CC1)c1ccc(OC2CCOCC2)c(F)c1,0.0,0.32999999999999996,0.0
D00894,Q8NI08,Q9NPJ4,Cc1cccc2c1C1(CCN(C(=O)CC3(c4cccc(Br)c4)CCNCC3)CC1)CO2,0.0,0.293,0.0
D000BD,A0A0N4UZK9,Q6PHR2,O=C(Cn1c(C2CCC2)nc2ccc(F)cc21)N1CCC2(CC1)N=C(c1cccc(F)c1)NC2=O,0.0,0.292,0.0
D001F1,W1YHW0,W1Y611,CC(=O)N1CCC(n2nc(-c3ccccc3)cc2NC(=O)c2ccnc(OC3CCOCC3)n2)CC1,0.0,0.0,0.0
D0070H,P48444,O43264,O=C(N1CCC(c2c[nH]c3cccc(F)c23)CC1)C1(Cc2ccc(Cl)cc2)CCNCC1,0.0,0.0,0.0
D002UM,Q15691,Q03001,O=C(CC1(c2cccc(Br)c2)CCNCC1)N[C@@H]1CCN(C(=O)c2ccccc2F)C1,0.05,0.0,0.0
D00BIX,P06241,P0C6U5,COc1cc(CNC(=O)c2cccc(CN[C@H]3CC[C@H](N)CC3)c2)ccc1OC1CCOCC1,0.0,0.0,0.0
D0005H,P08100,P63096,COc1ccccc1C1(NC(=O)C2(Cc3ccccc3F)CCC(F)(F)CC2)CCNCC1,0.0,0.30500000000000005,0.0
D008CK,O00560,P00734,COc1ccc(C2(NC(=O)C3(Cc4cccc(Br)c4)CCOCC3)CCC2)cc1,0.0,0.0,0.0
D0042W,P38398,P00734,COc1ccccc1NC(=O)NC1CCN(C(=O)CC2(c3ccccc3Cl)CCOCC2)CC1,0.03,0.0,0.0
D0024P,P54284,Q13698,O=C1c2ccc(F)cc2CN1[C@@H]1CCN(C(=O)C2(Cc3ccccc3F)CCS(=O)(=O)CC2)C1,0.0,0.05,0.0
D009D1,P52294,Q09161,COc1ccccc1CC1(C(=O)N[C@@H]2CCN(Cc3ccc(Br)cc3)C2)CCNCC1,0.0,0.325,0.0
D001DD,K1RT91,P00734,O=C(Cn1c(C2CC2)nc2cc(F)ccc21)N1CCC(NS(=O)(=O)c2ccccc2F)CC1,0.0,0.0,0.0
D004CD,P52294,Q09161,COc1ccccc1C1(CN)CCN(C(=O)Cn2c(C3CCOCC3)nc3ccc(F)cc32)CC1,0.0,0.18,0.0
D004HN,A6NCE7,Q9BQS8,COc1ccc2c(c1)CN(C1CCN(C(=O)c3ccc(OC4COC4)c(OC)c3)CC1)C2=O,0.0,0.25,0.0
D000OV,O95166,Q86V97,O=C(c1nccc(OCC2CCOCC2)n1)N1CCC[C@@H](N2Cc3cccc(F)c3C2=O)C1,0.05,0.0,0.0
D00947,M4M097,P05877,O=C(CC1(c2ccc(Br)cc2)CCNCC1)N1CCCC(Oc2ncccn2)C1,0.0,0.0,0.0
D006E1,Q6P2P2,O14929,O=C(NCC1CCN(Cc2ccccc2Cl)CC1)C1(Cc2cccc(Cl)c2)CCNCC1,0.0,0.0,0.0
D002LT,Q15388,P30837,N[C@H]1CC[C@H](NCc2cccc(C(=O)N[C@H]3CC[C@H](N4Cc5cc(F)ccc5C4=O)CC3)c2)CC1,0.01,0.0,0.0
D006ON,Q03164,Q6NXT2,Cc1cccnc1C1(C(=O)N2CCOC3(C2)CN(C(c2ccccc2)c2ccccc2)C3)CC1,0.0,0.7379999999999999,0.0
D001LX,P24941,P60953,O=C(NC1CCN(C(=O)c2cccc(Br)c2)CC1)C1CCCN(c2ncccn2)C1,0.0,0.425,0.0
D005DA,Q6P2P2,O14929,Cc1cccc(NC2CCN(C(=O)CC3(c4ccc(Br)cc4)CCOCC3)CC2)n1,0.0,0.0,0.0
D000JJ,O00560,P00734,COc1ccc2c(c1)CN(C1CCN(C(=O)c3ccnc(OCC4CCOCC4)n3)CC1)C2=O,0.0,0.0,0.0
D0062X,Q14974,P01106,O=C(Cn1c(C2CCOCC2)nc2cccc(F)c21)N1CCC[C@@H](N2Cc3ccccc3C2=O)C1,0.0,0.75,0.0
D005YS,P09651,P42858,O=C(NC1CCCC1)NC1CCN(C(=O)c2cn(Cc3ccccc3Br)cn2)CC1,0.0,0.05,0.0
D002PP,Q13588,P00734,COc1cccc(Cn2nc(C)c(C(=O)Nc3ccc(OCC4CCCO4)c(F)c3)c2C)c1,0.0,0.0,0.0
